dataset_indx,true_label,predicted_label,confidence
14609,5,5,0.8645206093788147
18135,6,6,0.7892010807991028
20360,7,7,0.9991280436515808
18156,6,6,0.9993327260017395
9388,3,3,0.8460646867752075
10070,3,3,0.9927529096603394
10860,3,3,0.999454915523529
18400,6,6,0.983272135257721
2005,0,0,0.9999150037765503
20277,7,7,0.9943037629127502
19621,7,7,0.9765265583992004
20808,7,7,0.9998525381088257
15887,5,5,0.969458818435669
15233,5,5,0.9986515641212463
13411,4,3,0.7436178922653198
2257,0,0,0.9999923706054688
23091,8,8,0.9873977899551392
20456,7,7,0.9976015686988831
5574,1,1,0.9999881982803345
9083,3,3,0.945678174495697
26343,9,9,0.9997478127479553
5355,1,1,0.9999855756759644
6093,2,2,0.9997583031654358
7935,2,2,0.977712869644165
24350,9,9,0.9999181032180786
1519,0,0,0.9978142976760864
26088,9,9,0.999901294708252
1378,0,0,0.9999936819076538
22056,8,8,0.9999363422393799
18971,7,7,0.9990407824516296
15206,5,5,0.9771901965141296
21807,8,8,0.9698993563652039
22005,8,8,0.9999992847442627
24062,9,9,0.9694846868515015
13200,4,4,0.9999867677688599
26759,9,9,0.999950647354126
5842,1,1,0.9993581175804138
7122,2,2,0.938474714756012
16211,6,6,0.9967771172523499
12820,4,4,0.9999271631240845
5832,1,1,0.9999853372573853
9821,3,3,0.6356709599494934
21272,7,7,0.999808132648468
12718,4,4,0.999849796295166
22288,8,8,0.7481897473335266
522,0,0,0.9992701411247253
19991,7,7,0.9978366494178772
15372,5,5,0.999911904335022
234,0,0,0.9999253749847412
12180,4,4,1.0
20180,7,7,0.9887434244155884
6318,2,2,0.9967864751815796
11992,4,4,0.9990106821060181
25012,9,9,0.9999325275421143
1948,0,0,0.9999933242797852
6361,2,2,0.981205940246582
26203,9,9,0.9999879598617554
24973,9,9,0.9982023239135742
11684,4,4,0.9997683167457581
22475,8,8,0.99432373046875
15927,5,5,0.9520624279975891
25777,9,9,0.9964469075202942
2224,0,0,0.9999966621398926
25716,9,9,0.9996259212493896
15246,5,5,0.9996041655540466
16209,6,6,0.8246848583221436
5571,1,1,0.9996663331985474
4523,1,1,0.9999632835388184
5793,1,1,0.9999926090240479
20616,7,7,0.9999339580535889
5738,1,1,0.9999374151229858
19008,7,7,0.9989074468612671
4728,1,1,0.9998788833618164
7818,2,2,0.9988278746604919
8859,2,2,0.9478553533554077
26890,9,9,0.9996167421340942
22335,8,8,0.9993051290512085
15275,5,5,0.9999432563781738
26647,9,9,0.999955415725708
2437,0,0,0.9999731779098511
22440,8,8,0.9999169111251831
14087,5,5,0.5933321118354797
22736,8,8,0.9999971389770508
11989,4,4,0.9999996423721313
3167,1,1,0.9999805688858032
18193,6,6,0.9941872358322144
24344,9,9,0.9982978701591492
21470,7,7,0.9966206550598145
13752,4,4,0.9997910857200623
15920,5,5,0.9959955215454102
14027,5,5,0.8621136546134949
7016,2,2,0.9901677370071411
13386,4,4,0.995540201663971
15998,5,5,0.8308483362197876
12641,4,4,0.9999990463256836
23904,8,8,0.999945878982544
4945,1,1,0.9999951124191284
15649,5,5,0.9993131160736084
12237,4,4,0.9999973773956299
6046,2,2,0.9583731889724731
9227,3,3,0.999394416809082
5585,1,1,0.999853253364563
5590,1,1,1.0
1228,0,0,0.9997887015342712
18691,7,7,0.9999282360076904
13341,4,4,0.9999986886978149
13333,4,4,0.999987006187439
14743,5,5,0.9988092184066772
8244,2,2,0.9999955892562866
23810,8,8,0.9993491768836975
16237,6,6,0.9984323382377625
6555,2,2,0.9785552620887756
15373,5,5,0.9993159770965576
12145,4,4,0.9999997615814209
159,0,0,0.999603807926178
1589,0,0,0.9998879432678223
26787,9,9,0.999884843826294
15369,5,5,0.9992601275444031
5565,1,1,0.9999983310699463
7190,2,2,0.9998131394386292
23479,8,8,0.994949221611023
10576,3,3,0.9854017496109009
15061,5,0,0.5547772645950317
13364,4,4,0.9999970197677612
1556,0,0,0.9992935657501221
2828,0,0,0.8518248796463013
436,0,0,0.9912673830986023
22173,8,8,0.9999885559082031
15592,5,5,0.997127115726471
26540,9,9,0.9997391104698181
17972,6,6,0.9901554584503174
2780,0,0,0.9999616146087646
3701,1,1,0.9999960660934448
5686,1,1,0.9999923706054688
20349,7,7,0.996691107749939
4727,1,1,0.9999969005584717
17622,6,0,0.9797139763832092
2951,0,0,0.9993284940719604
23107,8,8,0.995159924030304
2555,0,0,0.9996731281280518
10350,3,3,0.7858263254165649
23169,8,8,0.9999710321426392
17881,6,6,0.9798710942268372
12737,4,4,0.9991797804832458
6465,2,2,0.9008748531341553
7355,2,2,0.9854087233543396
15717,5,5,0.9979068040847778
7823,2,2,0.5675898790359497
12449,4,4,0.9999958276748657
25025,9,9,0.9995782971382141
15271,5,5,0.9903742074966431
5185,1,1,0.9998335838317871
22031,8,8,0.999708354473114
8549,2,2,0.9998238682746887
5242,1,1,0.9999802112579346
18514,7,7,0.9997215867042542
2092,0,0,0.9996660947799683
21793,8,8,0.7445392608642578
10207,3,3,0.9993676543235779
11948,4,4,0.9999963045120239
187,0,0,0.9999966621398926
23417,8,8,0.9952601790428162
20039,7,7,0.9784352779388428
19810,7,7,0.8637067675590515
23703,8,8,0.7710921764373779
1381,0,0,0.9999405145645142
23923,8,8,0.9907312989234924
8605,2,2,0.9999961853027344
15743,5,0,0.8837655186653137
21421,7,7,0.9994768500328064
21281,7,7,0.9997751116752625
11528,4,4,0.6147851347923279
19559,7,7,0.9983868598937988
15038,5,5,0.9919913411140442
24950,9,9,0.9999582767486572
24183,9,9,0.9998533725738525
8448,2,2,0.9996592998504639
11390,3,3,0.9590348601341248
26867,9,9,0.9998088479042053
7295,2,2,0.9964742064476013
18619,7,7,0.9973679184913635
8068,2,2,0.9959188103675842
12935,4,4,0.8481195569038391
9959,3,1,0.6979426145553589
20620,7,7,0.999995231628418
23294,8,8,0.9547882080078125
26397,9,9,0.9999829530715942
9764,3,3,0.9847128391265869
24,0,0,0.9999840259552002
3363,1,1,0.9999996423721313
1088,0,0,0.999993085861206
12866,4,4,0.9999940395355225
10886,3,3,0.9993711113929749
11590,4,4,0.9995868802070618
25865,9,9,0.9998778104782104
19225,7,7,0.9987879395484924
10503,3,3,0.9998956918716431
12306,4,4,0.9998812675476074
20536,7,7,0.9998371601104736
17079,6,6,0.9996346235275269
15906,5,0,0.9152995944023132
25900,9,9,0.999984622001648
11944,4,4,0.9148494005203247
6337,2,2,0.8095344305038452
17611,6,6,0.9780147075653076
18383,6,6,0.9907474517822266
276,0,0,0.9972509741783142
12413,4,4,0.9999481439590454
22313,8,8,0.8333668112754822
19337,7,7,0.8073152899742126
20021,7,7,0.9997870326042175
3906,1,1,0.9999998807907104
21162,7,7,0.9939631819725037
5845,1,1,0.9999558925628662
26596,9,9,0.9999114274978638
20501,7,7,0.9541396498680115
1137,0,0,0.9999550580978394
19151,7,7,0.9999847412109375
18108,6,6,0.9982143640518188
13324,4,4,0.9999982118606567
2490,0,0,0.9997664093971252
21826,8,8,0.9757789969444275
16165,6,6,0.684076189994812
7742,2,6,0.5448389053344727
14482,5,5,0.9985993504524231
13127,4,4,0.9999943971633911
3935,1,1,0.9999947547912598
15072,5,5,0.9706795811653137
2384,0,0,0.9993026256561279
8016,2,2,0.8504610657691956
7084,2,2,0.9987161159515381
16499,6,6,0.9972550272941589
1863,0,0,0.9504616260528564
15688,5,5,0.9983400106430054
19503,7,7,0.9647431969642639
20642,7,7,0.9892352223396301
364,0,0,0.9999657869338989
9094,3,3,0.9998600482940674
19203,7,7,0.931971549987793
23638,8,8,0.9619230628013611
23443,8,0,0.7946146726608276
18354,6,6,0.9933338761329651
21083,7,7,0.9999629259109497
3802,1,1,0.9996577501296997
15309,5,5,0.9098697900772095
22452,8,8,0.9999243021011353
3536,1,1,0.9996190071105957
3825,1,1,0.9999866485595703
6642,2,2,0.999975323677063
25146,9,9,0.9998043179512024
12991,4,4,0.46169859170913696
18330,6,6,0.9998726844787598
20878,7,7,0.6717829704284668
23651,8,8,0.9998109936714172
13527,4,4,0.9980223178863525
7269,2,2,0.9997910857200623
23916,8,8,0.9959797859191895
7929,2,2,0.9928783774375916
12982,4,4,0.9999229907989502
7166,2,2,0.9999091625213623
12869,4,4,0.9999997615814209
5867,1,1,0.9999990463256836
4761,1,1,0.9999949932098389
882,0,0,0.9999755620956421
13893,4,4,0.9999970197677612
25034,9,9,0.999702513217926
557,0,0,0.999788224697113
1960,0,0,0.9999951124191284
13331,4,4,0.9999995231628418
1207,0,0,0.9994428753852844
7684,2,5,0.6817284822463989
16859,6,6,0.976711630821228
22922,8,8,0.9998753070831299
12021,4,4,0.9997132420539856
10485,3,3,0.900371789932251
19595,7,7,0.9673891663551331
3630,1,1,1.0
1708,0,0,0.8788114786148071
1140,0,0,0.9864358305931091
19546,7,7,0.9998408555984497
6207,2,2,0.9996135830879211
24817,9,9,0.9988597631454468
20114,7,7,0.9999573230743408
23795,8,8,0.9998685121536255
2660,0,0,0.9806399345397949
14852,5,5,0.9669607877731323
1307,0,0,0.9999786615371704
18951,7,7,0.9998027682304382
16212,6,6,0.7635893821716309
12452,4,4,0.9999980926513672
19218,7,7,0.9970412850379944
6905,2,6,0.800186812877655
11927,4,4,0.9999960660934448
14072,5,5,0.9173827171325684
9429,3,3,0.9981328845024109
2151,0,0,0.9986833930015564
20219,7,7,0.9602964520454407
26592,9,9,0.9996659755706787
22800,8,8,0.999970555305481
25774,9,9,0.9999871253967285
13283,4,4,0.9986903071403503
5004,1,1,0.9999364614486694
23010,8,8,0.9998337030410767
15996,5,5,0.9942873120307922
1627,0,0,0.9999610185623169
19840,7,4,0.5261609554290771
9714,3,3,0.999974250793457
21315,7,7,0.980021059513092
358,0,0,0.9998805522918701
138,0,0,0.9999964237213135
8491,2,2,0.9774033427238464
16766,6,6,0.9980716109275818
11181,3,3,0.9987078905105591
340,0,0,0.9999969005584717
4857,1,1,0.9999988079071045
17823,6,6,0.9128869771957397
9569,3,3,0.9993934631347656
13865,4,4,0.8540197610855103
17330,6,6,0.9988393187522888
10582,3,3,0.9995378255844116
5498,1,1,0.9999862909317017
21300,7,7,0.9997497200965881
8556,2,2,0.9996237754821777
10913,3,3,0.9999117851257324
1932,0,0,0.9999878406524658
2352,0,0,0.9999493360519409
15848,5,5,0.9815447330474854
3236,1,1,0.9999949932098389
12355,4,4,1.0
9493,3,3,0.9967610239982605
24820,9,9,0.9996274709701538
3807,1,1,0.9999661445617676
1936,0,0,0.9769129753112793
5619,1,1,0.9999996423721313
14973,5,5,0.9997506737709045
20538,7,7,0.999981164932251
18800,7,7,0.999988317489624
23681,8,8,0.9921140670776367
6139,2,2,0.9995953440666199
785,0,0,0.9991463422775269
23173,8,8,0.9798064231872559
8036,2,2,0.9990240335464478
8315,2,2,0.9906455278396606
26281,9,9,0.9999890327453613
22052,8,8,0.9995916485786438
18556,7,7,0.9938448667526245
2169,0,0,0.9999878406524658
23012,8,8,0.9989315867424011
20393,7,7,0.9999885559082031
20724,7,7,0.9998074173927307
17294,6,6,0.9655361771583557
22652,8,8,0.9999953508377075
14138,5,5,0.8731762766838074
18693,7,6,0.6179066300392151
11826,4,4,0.9999979734420776
16346,6,6,0.988284707069397
6591,2,2,0.9998774528503418
4458,1,1,0.999998927116394
14325,5,5,0.9991105198860168
7597,2,2,0.9999144077301025
9370,3,3,0.9997524619102478
4652,1,1,0.996702253818512
22602,8,8,0.6883202791213989
442,0,0,0.9999730587005615
19799,7,7,0.9989499449729919
9591,3,3,0.9999339580535889
25287,9,9,0.9997400641441345
25217,9,9,0.9997182488441467
9649,3,3,0.9939619898796082
23970,8,8,0.9990007281303406
5744,1,1,0.9999992847442627
15747,5,5,0.530346155166626
17438,6,6,0.6180187463760376
15845,5,0,0.6424944400787354
20083,7,7,0.9999945163726807
11951,4,4,0.9999948740005493
929,0,0,0.999994158744812
25874,9,9,0.9999905824661255
22852,8,8,0.9999521970748901
8767,2,2,0.999970555305481
18213,6,6,0.9921625256538391
11120,3,3,0.9978111386299133
14730,5,5,0.9527022242546082
11738,4,4,0.997902512550354
13790,4,4,0.9999992847442627
25785,9,9,0.9996647834777832
21930,8,8,0.9995960593223572
24408,9,9,0.9983267188072205
2011,0,0,0.9995946288108826
17297,6,6,0.990835428237915
7611,2,2,0.9953935146331787
19657,7,7,0.9999562501907349
16028,6,6,0.719692051410675
23758,8,8,0.999961256980896
26715,9,9,0.9999650716781616
18990,7,7,0.7785407900810242
21312,7,7,0.9647198915481567
6564,2,2,0.8169239163398743
24410,9,9,0.9999808073043823
16390,6,0,0.7531821131706238
11172,3,3,0.9870375394821167
7835,2,2,0.9995582699775696
22967,8,0,0.3633010685443878
3361,1,1,0.99994957447052
12966,4,4,0.9999972581863403
10135,3,3,0.999692440032959
26143,9,9,0.9914473295211792
18019,6,6,0.9855338335037231
1141,0,0,0.6299031972885132
25095,9,9,0.9994564652442932
25259,9,9,0.9997690320014954
15007,5,5,0.5958577990531921
15434,5,5,0.9997146725654602
16743,6,6,0.9845859408378601
18454,6,6,0.9991647005081177
3134,1,1,0.999735414981842
21544,8,8,0.9923087358474731
6990,2,2,0.820870041847229
19627,7,7,0.9999673366546631
24599,9,9,0.999544084072113
18626,7,7,0.9818949103355408
17858,6,6,0.9949041604995728
1823,0,0,0.9998797178268433
10081,3,3,0.9984318614006042
3259,1,1,0.9998441934585571
10213,3,3,0.9990490078926086
4020,1,1,0.9999480247497559
25417,9,9,0.9999574422836304
3500,1,1,0.9999836683273315
2658,0,0,0.9971073269844055
22947,8,8,0.9995293617248535
17514,6,6,0.7297552824020386
13749,4,4,0.9999995231628418
10516,3,8,0.53872150182724
1819,0,0,0.9999786615371704
7461,2,2,0.9985232949256897
5624,1,1,0.9966482520103455
17815,6,6,0.634028434753418
24445,9,9,0.9999083280563354
7064,2,2,0.9915354251861572
20702,7,7,0.9999994039535522
9342,3,3,0.9990590214729309
12336,4,4,0.9999996423721313
4669,1,1,0.9997568726539612
9428,3,3,0.9996618032455444
5476,1,1,0.9999996423721313
26781,9,9,0.999705970287323
15670,5,5,0.9998942613601685
1856,0,0,0.997374415397644
2282,0,0,0.9996289014816284
25218,9,9,0.999984860420227
20392,7,7,0.999875545501709
13392,4,4,0.9999701976776123
22785,8,8,0.9999649524688721
6439,2,2,0.9546117782592773
6031,2,2,0.9962942004203796
386,0,0,0.9999486207962036
1628,0,0,0.9968568086624146
11777,4,4,0.9999997615814209
25061,9,9,0.9999551773071289
26100,9,9,0.9998370409011841
13851,4,4,0.9999963045120239
7718,2,2,0.6610767841339111
7544,2,2,0.9972645044326782
11381,3,3,0.7992046475410461
4658,1,1,0.999984622001648
12497,4,4,0.9927000403404236
9101,3,3,0.9979597330093384
10058,3,8,0.5327491760253906
1842,0,0,0.9970908164978027
18881,7,7,0.9999814033508301
16585,6,6,0.9608293175697327
24252,9,9,0.9995377063751221
3868,1,1,0.9882482886314392
5054,1,1,0.9999954700469971
5889,1,1,0.9999940395355225
14376,5,5,0.9972203969955444
19086,7,7,0.999636173248291
25699,9,9,0.9999005794525146
16715,6,6,0.9994537234306335
3808,1,1,0.999990701675415
24436,9,9,0.9979820251464844
935,0,0,0.7693557143211365
10651,3,3,0.9167007803916931
1774,0,0,0.9996614456176758
24026,9,9,0.9998536109924316
3744,1,1,0.9999872446060181
17373,6,0,0.891585111618042
5443,1,1,0.999998927116394
26381,9,9,0.9993294477462769
13969,4,4,0.9983927607536316
23377,8,8,0.9971644282341003
1875,0,0,0.9988196492195129
22190,8,8,0.9999608993530273
3760,1,1,0.9999865293502808
25225,9,9,0.9985103011131287
22958,8,8,0.9999861717224121
3052,1,1,0.9999929666519165
20125,7,7,0.9370625019073486
13654,4,4,0.9968975782394409
13146,4,4,0.9897425174713135
26102,9,9,0.9999783039093018
4615,1,1,0.9999949932098389
15812,5,5,0.9996494054794312
3321,1,1,0.9999370574951172
24524,9,9,0.9971296191215515
22630,8,8,0.997955322265625
22432,8,8,0.9983479976654053
3311,1,1,0.9994331002235413
23881,8,8,0.9966505169868469
23782,8,8,0.9807121753692627
24017,9,9,0.9996844530105591
26175,9,9,0.999879002571106
12743,4,4,0.9999994039535522
12871,4,4,0.9999014139175415
11595,4,4,0.9878225922584534
8210,2,2,0.9994142055511475
11431,3,3,0.9996769428253174
20012,7,7,0.9975023865699768
20013,7,7,0.9999792575836182
17740,6,6,0.9546124339103699
21386,7,7,0.9998869895935059
16018,6,6,0.9960916638374329
1517,0,0,0.9999901056289673
25691,9,9,0.9996838569641113
22207,8,8,0.9997056126594543
4492,1,1,0.9999704360961914
22054,8,8,0.9976058006286621
3112,1,1,0.9999287128448486
16566,6,6,0.9999501705169678
16294,6,6,0.9997519850730896
11834,4,4,0.9999980926513672
2866,0,0,0.9368690848350525
855,0,0,0.9998745918273926
24833,9,9,0.9998005032539368
4912,1,1,0.9998648166656494
13860,4,4,0.9998980760574341
5463,1,1,0.9984240531921387
18184,6,6,0.9999381303787231
22760,8,8,0.9998231530189514
5482,1,1,0.9999499320983887
12605,4,4,0.9999202489852905
24688,9,9,0.9997645020484924
18352,6,6,0.9144647121429443
3828,1,1,0.9925340414047241
24419,9,9,0.9979705214500427
4697,1,1,0.9998192191123962
15200,5,5,0.9966816306114197
4987,1,1,0.9822030067443848
4650,1,1,0.9999997615814209
17543,6,6,0.9975233674049377
23819,8,8,0.9999139308929443
17709,6,6,0.9998445510864258
10288,3,3,0.9997815489768982
21477,7,7,0.9999916553497314
21180,7,7,0.9897130727767944
6796,2,2,0.9996687173843384
5808,1,1,0.998835027217865
26822,9,9,0.9999679327011108
17839,6,6,0.9996895790100098
5410,1,1,0.9999878406524658
8333,2,2,0.999500036239624
2800,0,0,0.9996914863586426
9836,3,8,0.9071074724197388
10332,3,3,0.9887565970420837
12728,4,4,0.999002993106842
25585,9,9,0.9998745918273926
13778,4,4,0.9998946189880371
7815,2,2,0.9985690116882324
4378,1,1,0.9966062307357788
8921,2,2,0.9999639987945557
21259,7,7,0.9997637867927551
6716,2,2,0.8104316592216492
20120,7,7,0.9638734459877014
2261,0,0,0.8317005038261414
7429,2,2,0.9716503024101257
20389,7,7,0.9998987913131714
9302,3,3,0.9997747540473938
25620,9,9,0.9999105930328369
11190,3,3,0.9968575239181519
18778,7,7,0.9867810606956482
17569,6,6,0.9967604279518127
2007,0,0,0.9995090961456299
193,0,0,0.9990313053131104
13803,4,4,0.9999995231628418
25513,9,9,0.9997900128364563
8770,2,2,0.5054941773414612
16300,6,6,0.9965378046035767
21909,8,8,0.9995487332344055
771,0,0,0.9999293088912964
10587,3,3,0.9356067776679993
17862,6,6,0.9994158744812012
18230,6,6,0.9901455044746399
12466,4,4,0.999933123588562
20124,7,7,0.6919770240783691
24201,9,9,0.9998701810836792
14868,5,5,0.9792989492416382
14567,5,8,0.843891978263855
16789,6,6,0.955000638961792
26387,9,9,0.9991456270217896
26612,9,9,0.960128903388977
10088,3,3,0.7782996892929077
16910,6,0,0.989679217338562
6317,2,5,0.849059522151947
11851,4,4,0.9905521869659424
6581,2,2,0.9998955726623535
1447,0,0,0.9991876482963562
342,0,0,0.9999265670776367
13319,4,4,0.9999072551727295
11328,3,3,0.999784529209137
17111,6,6,0.978642463684082
20961,7,7,0.990951418876648
9168,3,3,0.9988829493522644
25705,9,9,0.9998036026954651
19900,7,7,0.9963584542274475
7368,2,1,0.5023471117019653
2044,0,0,0.9999924898147583
7156,2,2,0.8942617177963257
16288,6,6,0.9649620652198792
7851,2,2,0.997391939163208
10178,3,3,0.9999457597732544
12132,4,4,0.9999878406524658
13615,4,4,0.999970555305481
17732,6,6,0.9966643452644348
17044,6,6,0.9988125562667847
1492,0,0,0.9999661445617676
778,0,0,0.9998793601989746
21538,8,3,0.9976097345352173
9885,3,3,0.9999300241470337
18863,7,7,0.995834231376648
9277,3,3,0.9824399948120117
2524,0,0,0.9999396800994873
23567,8,8,0.9893355965614319
21174,7,7,0.999687910079956
5374,1,1,0.9997468590736389
19582,7,7,0.9912332892417908
22101,8,8,0.9998780488967896
25795,9,9,0.9998977184295654
16232,6,6,0.9475088119506836
14849,5,5,0.9965264201164246
17371,6,6,0.9999173879623413
8259,2,2,0.9816878437995911
25248,9,9,0.9996402263641357
40,0,0,0.9978863596916199
11240,3,3,0.9785953164100647
18146,6,6,0.9999237060546875
24697,9,9,0.9978259205818176
14424,5,5,0.9738075733184814
11639,4,4,0.9999483823776245
6816,2,2,0.999584972858429
23730,8,8,0.9885674715042114
24438,9,9,0.9990052580833435
10704,3,3,0.9999498128890991
19107,7,7,0.9601917862892151
14140,5,5,0.9983589053153992
1460,0,0,0.9976063966751099
25042,9,9,0.9998420476913452
4493,1,1,0.9999991655349731
23539,8,8,0.9999473094940186
24230,9,9,0.9998237490653992
13074,4,4,0.9998868703842163
17915,6,6,0.9973918199539185
13686,4,6,0.9582515954971313
13947,4,4,0.9354224801063538
11002,3,3,0.9992539286613464
15432,5,5,0.9997782111167908
7230,2,2,0.9997077584266663
15686,5,5,0.9951223731040955
10412,3,3,0.8546057939529419
5075,1,1,0.9998511075973511
21778,8,8,0.9998127818107605
9641,3,3,0.9868775010108948
25010,9,9,0.9961982369422913
24862,9,9,0.999565064907074
26123,9,9,0.9999439716339111
4088,1,1,0.9999977350234985
18351,6,6,0.9751608967781067
21141,7,7,0.9985723495483398
25377,9,9,0.9999935626983643
14949,5,5,0.9956861734390259
4249,1,1,0.9999427795410156
23383,8,8,0.9917782545089722
16807,6,0,0.6269437670707703
26026,9,9,0.9997074007987976
10096,3,3,0.9992726445198059
26338,9,9,0.9983553290367126
22010,8,8,0.9996330738067627
12109,4,4,0.9999990463256836
6142,2,2,0.9980732202529907
5661,1,1,0.9999161958694458
13970,4,4,0.9999128580093384
15037,5,5,0.9374948143959045
9031,3,3,0.9993419051170349
20980,7,7,0.9997887015342712
2659,0,0,0.996995210647583
141,0,0,0.9997147917747498
2597,0,0,0.9995057582855225
6701,2,2,0.9916621446609497
15223,5,9,0.9156737327575684
17761,6,6,0.9934558272361755
20058,7,7,0.9992983341217041
26862,9,9,0.999950647354126
22746,8,8,0.9193577170372009
7418,2,2,0.9962514042854309
21125,7,7,0.9940038323402405
17522,6,6,0.9991580247879028
10449,3,3,0.9998960494995117
18171,6,6,0.6351812481880188
12130,4,4,0.999996542930603
24249,9,9,0.9995571970939636
21030,7,7,0.9999239444732666
16843,6,6,0.9854867458343506
22499,8,8,0.9999080896377563
16013,6,6,0.9951516389846802
8179,2,2,0.9994502663612366
11565,4,4,0.9999998807907104
17332,6,6,0.9990257024765015
9528,3,3,0.9999990463256836
6370,2,2,0.9999743700027466
4628,1,1,0.9998617172241211
14478,5,5,0.980937659740448
22309,8,8,0.8490628004074097
22424,8,8,0.9999163150787354
441,0,0,0.9968448877334595
23043,8,8,0.889979362487793
9794,3,3,0.996462881565094
9046,3,3,0.9999287128448486
3830,1,1,0.9956086277961731
26196,9,9,0.9992361068725586
22528,8,8,0.9998109936714172
25730,9,9,0.9998044371604919
6344,2,5,0.8670908212661743
24637,9,9,0.999691367149353
1958,0,0,0.9821959733963013
155,0,0,0.9968036413192749
10487,3,3,0.9999579191207886
24963,9,9,0.997434675693512
4578,1,1,0.998907208442688
1089,0,0,0.9999648332595825
22433,8,8,0.9972322583198547
12576,4,4,0.9999998807907104
9122,3,3,0.9994078874588013
7950,2,2,0.9668442010879517
11101,3,3,0.990678071975708
18058,6,6,0.9887924790382385
23147,8,8,0.9844373464584351
24758,9,9,0.9998769760131836
6416,2,2,0.9973490238189697
16021,6,6,0.9999986886978149
9087,3,3,0.9954347014427185
11439,3,3,0.9996614456176758
18710,7,7,0.9998718500137329
7096,2,2,0.9982638955116272
1098,0,0,0.9999748468399048
5433,1,1,0.9929170608520508
13230,4,4,0.9999819993972778
6450,2,2,0.9647911190986633
12328,4,4,0.999997615814209
10785,3,3,0.9968476891517639
18099,6,6,0.9247816205024719
20215,7,7,0.9995231628417969
22683,8,8,0.9363172650337219
3348,1,1,0.9997093081474304
4079,1,1,0.9999994039535522
9177,3,3,0.98911052942276
26134,9,9,0.9999719858169556
587,0,0,0.9730584025382996
9346,3,3,0.9998611211776733
13269,4,4,0.9999992847442627
13537,4,4,0.9997311234474182
24036,9,9,0.999816358089447
10964,3,3,0.9984155893325806
26364,9,9,0.9996020197868347
13675,4,4,0.9999951124191284
19374,7,7,0.9953018426895142
21953,8,8,0.9999698400497437
16299,6,6,0.9999383687973022
645,0,0,0.9979779124259949
11749,4,4,0.9999986886978149
9587,3,3,0.9999819993972778
16648,6,0,0.5143117904663086
11739,4,6,0.9074285626411438
15036,5,5,0.877194344997406
226,0,0,0.9928210377693176
23172,8,8,0.9997333884239197
3864,1,1,0.9998377561569214
10592,3,3,0.9981938004493713
22658,8,8,0.9999350309371948
25196,9,9,0.9994435906410217
26739,9,9,0.9994649291038513
16154,6,6,0.9980971217155457
20095,7,7,0.5417876243591309
8438,2,2,0.9995239973068237
1529,0,0,0.9998587369918823
24506,9,9,0.9959114789962769
923,0,0,0.9994887113571167
23991,8,8,0.9992638230323792
23713,8,8,0.9999985694885254
20748,7,7,0.9997515082359314
17053,6,6,0.9769609570503235
19988,7,7,0.9999970197677612
21492,7,7,0.998902440071106
10102,3,3,0.9994514584541321
21632,8,8,0.9887688159942627
7183,2,2,0.8893566131591797
12150,4,4,0.9999803304672241
25557,9,9,0.9998596906661987
2591,0,0,0.9999487400054932
5906,1,1,0.9999979734420776
22893,8,8,0.998765230178833
11205,3,3,0.9969425797462463
7133,2,2,0.9999586343765259
2307,0,0,0.9996730089187622
20074,7,7,0.999874472618103
17071,6,6,0.9880080223083496
14203,5,5,0.9999414682388306
612,0,0,0.9999631643295288
23551,8,8,0.998410701751709
21494,7,7,0.9999247789382935
19584,7,7,0.9651318192481995
11168,3,3,0.9995538592338562
6629,2,2,0.9114205241203308
4135,1,1,0.9992415904998779
1898,0,0,0.999788224697113
13937,4,4,0.9979446530342102
282,0,0,0.9997947812080383
258,0,0,0.9999141693115234
11116,3,3,0.9975479245185852
26239,9,9,0.9997401833534241
4943,1,1,0.9999992847442627
19206,7,7,0.9999899864196777
14721,5,5,0.9984227418899536
11531,4,4,0.999998927116394
19909,7,4,0.9928066730499268
6971,2,2,0.9904823303222656
14889,5,5,0.9476976990699768
13521,4,4,0.9999356269836426
5223,1,1,0.999839186668396
2285,0,0,0.9999961853027344
22447,8,8,0.9996132254600525
8078,2,2,0.9988685846328735
21038,7,7,0.990602970123291
21384,7,7,0.9938803911209106
6710,2,2,0.99869304895401
26799,9,9,0.999455988407135
10403,3,3,0.9984039664268494
21800,8,8,0.9999125003814697
475,0,0,0.9999688863754272
18939,7,7,0.9990463852882385
16391,6,6,0.9971960783004761
6411,2,2,0.9999278783798218
2551,0,0,0.9960783123970032
6852,2,2,0.9967286586761475
5546,1,1,0.9967131614685059
13489,4,4,0.9999998807907104
18810,7,7,0.9996746778488159
23128,8,8,0.9800370931625366
24373,9,9,0.9978545308113098
26504,9,9,0.9998985528945923
18658,7,7,0.9982859492301941
9203,3,3,0.9994538426399231
17961,6,6,0.9982056617736816
23648,8,8,0.9997372031211853
10183,3,3,0.9998277425765991
20354,7,4,0.8070852756500244
13565,4,4,0.9990420937538147
22263,8,8,0.7498313784599304
16280,6,6,0.9979327917098999
24819,9,9,0.9997153878211975
21360,7,7,0.9999978542327881
7193,2,2,0.9711716771125793
20251,7,7,0.9636871814727783
18489,6,6,0.9252528548240662
6823,2,2,0.9982837438583374
26001,9,9,0.9990445971488953
781,0,0,0.9734471440315247
14939,5,0,0.5557589530944824
18133,6,6,0.9999971389770508
10983,3,3,0.9996825456619263
6519,2,2,0.8847661018371582
5774,1,1,0.9999980926513672
13171,4,4,0.9996799230575562
9283,3,3,0.9993640780448914
9369,3,3,0.9999433755874634
25866,9,9,0.9994891881942749
18708,7,7,0.9998842477798462
10271,3,3,0.9999310970306396
5055,1,1,0.9999983310699463
10800,3,3,0.9976287484169006
25679,9,9,0.9997382760047913
1727,0,0,0.9960992336273193
16994,6,6,0.9995743632316589
16009,6,6,0.9994437098503113
4666,1,1,0.9999474287033081
21797,8,8,0.9999955892562866
8535,2,2,0.9852555990219116
3750,1,1,0.9998538494110107
12924,4,4,0.9995131492614746
12722,4,4,0.9999997615814209
11407,3,3,0.9619238376617432
97,0,0,0.999968409538269
23369,8,8,0.9999951124191284
3137,1,1,0.9999879598617554
13368,4,4,0.9999963045120239
14357,5,5,0.9941136240959167
17921,6,6,0.9971713423728943
13140,4,4,0.9999994039535522
15177,5,0,0.49111348390579224
3648,1,1,0.9990478157997131
10849,3,3,0.9951125979423523
23992,8,8,0.9999829530715942
17901,6,6,0.9939193725585938
1633,0,0,0.9833582043647766
21008,7,7,0.9847361445426941
12464,4,4,0.8380283713340759
11861,4,4,0.9995808005332947
22950,8,8,0.9999901056289673
26650,9,9,0.9972455501556396
18474,6,6,0.999332845211029
23481,8,8,0.9530308246612549
6171,2,2,0.9360513091087341
7521,2,2,0.9867968559265137
572,0,0,0.9988046884536743
9879,3,3,0.9980966448783875
25758,9,9,0.9977160692214966
19446,7,7,0.9999377727508545
597,0,0,0.9998950958251953
15352,5,5,0.9997827410697937
23017,8,8,0.9999566078186035
7345,2,2,0.9472869038581848
6304,2,2,0.9979647397994995
26260,9,9,0.9988692402839661
16376,6,6,0.9910156726837158
24452,9,9,0.9998483657836914
22360,8,8,0.9981630444526672
18322,6,6,0.9994382262229919
1753,0,0,0.9999964237213135
20054,7,7,0.9956598877906799
24255,9,9,0.9994706511497498
18745,7,7,0.9890432357788086
20644,7,7,0.9999942779541016
5432,1,1,0.9999738931655884
22669,8,8,0.9999195337295532
13183,4,4,0.9993189573287964
24031,9,9,0.9999353885650635
26289,9,9,0.9999337196350098
11929,4,4,0.9867525100708008
23967,8,8,0.9997005462646484
25017,9,9,0.9997203946113586
9135,3,3,0.9998288154602051
25368,9,9,0.999957799911499
21975,8,8,0.999984622001648
1171,0,0,0.9986414313316345
15562,5,0,0.7872250080108643
7927,2,2,0.9985647797584534
26021,9,9,0.9996663331985474
25546,9,9,0.9985023736953735
26407,9,9,0.9043012857437134
24331,9,9,0.999993085861206
14531,5,0,0.9029957056045532
15892,5,5,0.8270441293716431
25878,9,9,0.9998792409896851
17258,6,6,0.9995400905609131
18681,7,7,0.838344395160675
26074,9,9,0.9998118281364441
2643,0,0,0.9999388456344604
5347,1,1,0.9999970197677612
9032,3,3,0.829770565032959
22059,8,8,0.9999215602874756
16965,6,6,0.9959251880645752
204,0,0,0.99692302942276
7896,2,2,0.9814350605010986
9833,3,3,0.74826580286026
2014,0,0,0.9999409914016724
17289,6,6,0.9991483688354492
17015,6,6,0.9991711378097534
8461,2,2,0.9995613694190979
19675,7,7,0.9994298815727234
1974,0,0,0.9999924898147583
162,0,0,0.9216403365135193
4998,1,1,0.9999783039093018
24559,9,9,0.9997674822807312
9557,3,3,0.801189661026001
4713,1,1,0.9998669624328613
9067,3,3,0.99785977602005
1431,0,0,0.9925671815872192
15261,5,5,0.9999542236328125
23252,8,8,0.9953272342681885
12835,4,4,0.7178055047988892
13975,4,4,0.9566527605056763
25841,9,9,0.9999945163726807
7710,2,2,0.9926581978797913
7736,2,2,0.999956488609314
4283,1,1,0.999409556388855
7531,2,2,0.8124526739120483
14139,5,5,0.993798553943634
17069,6,6,0.9809479713439941
13493,4,4,0.9999200105667114
10053,3,3,0.9996203184127808
10851,3,3,0.9578288793563843
3384,1,1,0.9998883008956909
2839,0,0,0.9999673366546631
24386,9,9,0.9999147653579712
24689,9,9,0.9998455047607422
23846,8,8,0.9996641874313354
15078,5,5,0.9991405010223389
19715,7,7,0.9995076656341553
15941,5,5,0.8480916619300842
10595,3,3,0.9891632795333862
22788,8,8,0.9998088479042053
15433,5,5,0.922141432762146
2096,0,0,0.999921441078186
10195,3,3,0.9994363188743591
24784,9,9,0.9998420476913452
7999,2,2,0.9923174381256104
25145,9,9,0.9996787309646606
5017,1,1,0.9999933242797852
17833,6,6,0.9965621829032898
23284,8,8,0.9997982382774353
18994,7,7,0.9669219851493835
18284,6,6,0.9988105297088623
20304,7,7,0.9999990463256836
2757,0,0,0.9985598921775818
6397,2,2,0.7808705568313599
10077,3,3,0.9999939203262329
13930,4,4,0.998991072177887
25179,9,9,0.9998520612716675
14082,5,0,0.9023478031158447
2097,0,0,0.9979996085166931
8329,2,2,0.989562451839447
22008,8,8,0.9998387098312378
9028,3,3,0.9994356036186218
3471,1,1,0.999991774559021
12889,4,4,0.9999722242355347
14472,5,5,0.9993314743041992
16230,6,6,0.8807245492935181
18555,7,7,0.9999905824661255
18509,7,7,0.9878750443458557
1733,0,0,0.999776303768158
18394,6,6,0.9968474507331848
26723,9,9,0.9989492297172546
1283,0,0,0.9999957084655762
12485,4,4,0.9999964237213135
12448,4,4,0.9999992847442627
10028,3,3,0.9996379613876343
21621,8,8,0.9986397624015808
1019,0,0,0.9996333122253418
16184,6,6,0.9997857213020325
26418,9,9,0.9997636675834656
9518,3,3,0.9970628619194031
19194,7,7,0.9995005130767822
17520,6,6,0.9892228841781616
1651,0,0,0.9996957778930664
830,0,0,0.9994224309921265
1169,0,0,0.9883185625076294
10720,3,3,0.9991077780723572
6256,2,2,0.9990837574005127
5469,1,1,0.9999996423721313
16044,6,6,0.9972912669181824
10258,3,3,0.9977626800537109
16063,6,6,0.9995543360710144
17251,6,6,0.9729146361351013
11166,3,3,0.9990548491477966
26229,9,9,0.9998791217803955
5093,1,1,0.9339448809623718
21817,8,8,0.9972368478775024
541,0,0,0.9983758926391602
9324,3,3,0.9999139308929443
17047,6,6,0.9908391833305359
12693,4,4,0.9999998807907104
22738,8,8,0.999991774559021
26118,9,9,0.9999473094940186
3390,1,1,0.9993461966514587
12080,4,4,0.4959914982318878
11154,3,3,0.9811199307441711
14226,5,5,0.9892054796218872
16977,6,6,0.9785035252571106
16029,6,6,0.997600257396698
26913,9,9,0.9998340606689453
10775,3,3,0.9991043210029602
11005,3,3,0.9999017715454102
3959,1,1,0.9997828602790833
6643,2,2,0.9863448143005371
23225,8,8,0.9999433755874634
20815,7,7,0.9726004600524902
16100,6,6,0.9998098015785217
16087,6,6,0.9888035655021667
3586,1,1,0.9999200105667114
24312,9,9,0.999924898147583
2563,0,0,0.999618649482727
10822,3,3,0.9995777010917664
26388,9,9,0.9996880292892456
5036,1,1,0.999880313873291
1080,0,1,0.6824659705162048
5891,1,1,0.9999948740005493
14537,5,5,0.9683970808982849
21350,7,7,0.9998082518577576
2023,0,0,0.999990701675415
13109,4,4,0.9999881982803345
25633,9,9,0.9997232556343079
7909,2,2,0.9936535358428955
25258,9,9,0.998166561126709
23705,8,8,0.9998063445091248
16610,6,6,0.99808669090271
1013,0,9,0.5041545033454895
14871,5,5,0.9910649657249451
18313,6,6,0.9996459484100342
9235,3,3,0.9643544554710388
5251,1,1,0.9998996257781982
9596,3,3,0.8041418194770813
2179,0,0,0.999929666519165
17081,6,6,0.5990994572639465
17508,6,0,0.7098215818405151
23762,8,8,0.9998676776885986
12087,4,4,0.9999344348907471
21573,8,8,0.9993509650230408
5110,1,1,0.9985112547874451
1778,0,0,0.7440007925033569
24175,9,9,0.9985709190368652
19018,7,7,0.9990872144699097
15379,5,5,0.9987244009971619
23928,8,8,0.898890495300293
7604,2,2,0.9990928173065186
19873,7,7,0.9998624324798584
13944,4,4,0.9978658556938171
17421,6,6,0.9749647974967957
24454,9,9,0.9983148574829102
26921,9,9,0.9982395172119141
19033,7,7,0.9999780654907227
10473,3,3,0.9998605251312256
14933,5,5,0.967755913734436
19363,7,7,0.9986530542373657
18931,7,7,0.999933123588562
5132,1,1,0.9999722242355347
2159,0,0,0.9994671940803528
11329,3,3,0.9998034834861755
14042,5,5,0.9994567036628723
14566,5,5,0.9901812672615051
6445,2,2,0.9558193683624268
3967,1,1,0.9999392032623291
1428,0,0,0.9998886585235596
3081,1,1,0.9999946355819702
2520,0,0,0.9996157884597778
11754,4,4,0.996469259262085
10047,3,3,0.9936181306838989
25130,9,9,0.9999446868896484
25616,9,9,0.9998244643211365
6019,2,2,0.9989625215530396
16832,6,6,0.9836636781692505
16898,6,6,0.9960644841194153
22379,8,8,0.9998401403427124
22656,8,8,0.9990431666374207
3727,1,1,0.9985472559928894
23737,8,8,0.999052107334137
8553,2,2,0.9992198944091797
22663,8,8,0.9864287972450256
25568,9,9,0.9302962422370911
23679,8,8,0.9979618787765503
9496,3,3,0.9990653395652771
6251,2,2,0.9232631325721741
5926,1,1,0.9999594688415527
18844,7,7,0.985929548740387
16406,6,6,0.9997263550758362
18450,6,6,0.999861478805542
18037,6,6,0.8720066547393799
8894,2,2,0.8474134206771851
8706,2,2,0.9994251728057861
1376,0,0,0.9279808402061462
1724,0,0,0.9985396862030029
3754,1,1,0.9976170063018799
10517,3,3,0.9998676776885986
20567,7,7,0.9999697208404541
25690,9,9,0.9915705919265747
4082,1,1,1.0
11870,4,4,0.9999980926513672
24864,9,9,0.9999603033065796
22963,8,8,0.9986923336982727
20942,7,7,0.9998524188995361
12500,4,4,0.9516467452049255
13057,4,4,0.9995126724243164
19921,7,7,0.9988077878952026
16140,6,6,0.9891452193260193
23387,8,8,0.999441921710968
10773,3,3,0.998755693435669
20714,7,7,0.9999839067459106
9951,3,3,0.999921441078186
14571,5,5,0.9878315329551697
17030,6,6,0.996961772441864
22765,8,8,0.9999622106552124
23911,8,8,0.9926379919052124
26595,9,9,0.9998053908348083
14215,5,5,0.5638687610626221
15997,5,5,0.9832949042320251
7165,2,2,0.5349501967430115
24184,9,9,0.989158034324646
24081,9,9,0.9992009997367859
11182,3,3,0.9993764758110046
26213,9,9,0.9999873638153076
4875,1,1,0.9999747276306152
10736,3,3,0.9989940524101257
25071,9,9,0.9990178346633911
15990,5,5,0.9990624785423279
21725,8,8,0.9943601489067078
12258,4,4,0.9999500513076782
23415,8,8,0.9992671608924866
18544,7,7,0.9997496008872986
685,0,0,0.9998643398284912
11435,3,3,0.9953539371490479
24875,9,9,0.9400591254234314
14291,5,5,0.9986955523490906
2461,0,0,0.9999234676361084
12275,4,4,0.999954104423523
11889,4,4,0.9989333748817444
7128,2,2,0.9850935935974121
16377,6,6,0.8705843687057495
22651,8,8,0.9999887943267822
21325,7,7,0.9988440275192261
5946,1,1,0.999843955039978
4583,1,1,0.9997614026069641
22168,8,8,0.9997056126594543
12232,4,4,0.9999270439147949
23953,8,8,0.9903115034103394
13070,4,4,0.9999992847442627
16905,6,6,0.9978471994400024
25558,9,9,0.9998760223388672
3983,1,1,0.9839232563972473
14686,5,0,0.5420449376106262
6303,2,2,0.9869138598442078
9908,3,3,0.999971866607666
780,0,0,0.9509725570678711
17153,6,0,0.8642407059669495
21991,8,8,0.9999722242355347
5978,1,1,0.9999791383743286
20131,7,7,0.9999884366989136
2196,0,0,0.9259492754936218
14089,5,5,0.9999719858169556
26846,9,9,0.9994495511054993
20669,7,7,0.9998956918716431
24747,9,9,0.9999794960021973
9832,3,3,0.9974127411842346
6979,2,2,0.9991220831871033
18211,6,6,0.9654761552810669
11824,4,4,0.9997748732566833
19393,7,7,0.9995099306106567
2376,0,0,0.9919252991676331
20223,7,7,0.9989748001098633
17630,6,6,0.996914267539978
23888,8,8,0.9999825954437256
11483,3,3,0.9979167580604553
6511,2,2,0.9519347548484802
13279,4,4,0.9999997615814209
25859,9,9,0.9998581409454346
14473,5,5,0.9991427659988403
5439,1,1,0.9983110427856445
10759,3,3,0.5743520259857178
6493,2,2,0.9975777268409729
8964,2,2,0.9999775886535645
5510,1,1,0.9999997615814209
5330,1,1,0.999993085861206
24392,9,9,0.9997414946556091
4531,1,1,0.9932531714439392
9866,3,3,0.8320891857147217
15587,5,5,0.8084896206855774
16749,6,6,0.9931650757789612
10142,3,3,0.999946117401123
12089,4,4,0.999997615814209
22804,8,8,0.9999986886978149
16531,6,6,0.9778534770011902
18052,6,0,0.6720358729362488
11280,3,3,0.9986696243286133
25438,9,9,0.9997863173484802
24034,9,9,0.9998544454574585
7788,2,2,0.9729161858558655
3456,1,1,0.9999997615814209
19655,7,7,0.9975703358650208
4940,1,1,0.9999996423721313
9223,3,3,0.9994567036628723
22614,8,8,0.9997969269752502
25516,9,9,0.9994568228721619
14916,5,5,0.90168297290802
23724,8,8,0.9983294606208801
20310,7,7,0.7961310148239136
7099,2,2,0.9999868869781494
8080,2,2,0.9988828301429749
16462,6,6,0.9429351091384888
23472,8,8,0.9998053908348083
18631,7,7,0.9970172643661499
24560,9,9,0.9999896287918091
26933,9,9,0.9989839196205139
24614,9,9,0.9999696016311646
23835,8,8,0.9999308586120605
18663,7,7,0.9999586343765259
20281,7,7,0.4991212487220764
23561,8,8,0.9991728663444519
9312,3,3,0.9993176460266113
6172,2,2,0.9902763366699219
3631,1,1,0.9997311234474182
16955,6,6,0.7305182814598083
6272,2,2,0.9993159770965576
392,0,0,0.9998798370361328
3191,1,1,0.9999821186065674
16,0,0,0.9997026324272156
20584,7,7,0.9904334545135498
19056,7,7,0.9990836381912231
26395,9,9,0.9991704225540161
22548,8,8,0.9924930930137634
19877,7,7,0.9928257465362549
24958,9,9,0.9985320568084717
7394,2,2,0.9278192520141602
21223,7,7,0.9627678990364075
593,0,0,0.9999967813491821
4719,1,1,0.9999827146530151
5827,1,1,0.9999533891677856
10749,3,3,0.9988248944282532
22271,8,8,0.999915361404419
18739,7,7,0.9994075298309326
22420,8,8,0.6994872689247131
4798,1,1,0.9998501539230347
10634,3,3,0.999809205532074
4795,1,1,0.9999983310699463
20976,7,7,0.993312656879425
11234,3,3,0.989084780216217
8656,2,2,0.9994603991508484
163,0,0,0.9998986721038818
671,0,0,0.9999966621398926
26252,9,9,0.999984860420227
14308,5,5,0.9487954378128052
26706,9,9,0.9995655417442322
16052,6,6,0.9787908792495728
23764,8,8,0.9966984391212463
14828,5,0,0.6582103371620178
22740,8,8,0.9999531507492065
5542,1,1,0.9999706745147705
22391,8,8,0.9957608580589294
7993,2,2,0.9992320537567139
24022,9,9,0.9998496770858765
23177,8,8,0.9999986886978149
10900,3,3,0.9941905736923218
7758,2,0,0.9984164237976074
4837,1,1,0.9999916553497314
18677,7,7,0.99399334192276
6548,2,2,0.5926318764686584
24282,9,9,0.9998782873153687
4481,1,1,0.999976634979248
3716,1,1,0.9357723593711853
10837,3,3,0.9997697472572327
6140,2,2,0.7182994484901428
9956,3,3,0.995564877986908
1549,0,0,0.9999865293502808
14818,5,5,0.9983537197113037
18428,6,6,0.9853546619415283
767,0,0,0.999984860420227
5693,1,1,0.9999961853027344
24254,9,9,0.99994957447052
9700,3,3,0.9899114966392517
26880,9,9,0.9999308586120605
24241,9,9,0.999537467956543
19686,7,7,0.9979825019836426
4517,1,1,0.9999958276748657
12411,4,4,0.9999535083770752
25764,9,9,0.9962989687919617
24313,9,9,0.99981290102005
3292,1,1,0.9999908208847046
9011,3,3,0.9901199340820312
1403,0,0,0.9993332028388977
1382,0,0,0.9998342990875244
10340,3,3,0.9951964020729065
23312,8,8,0.9797572493553162
22055,8,8,0.9723117351531982
1638,0,0,0.9999481439590454
14083,5,5,0.9844947457313538
8800,2,2,0.9987081289291382
23291,8,8,0.9965496063232422
6406,2,2,0.997698962688446
9074,3,3,0.9946106672286987
17563,6,6,0.9974015951156616
5448,1,1,0.9998509883880615
12168,4,4,0.9999873638153076
5078,1,1,0.9999998807907104
21559,8,8,0.9999934434890747
13564,4,4,0.9990308284759521
17073,6,6,0.7494684457778931
3850,1,1,0.9999810457229614
22909,8,8,0.9735333919525146
21121,7,7,0.9999536275863647
6488,2,2,0.9991382360458374
10145,3,3,0.9999470710754395
13828,4,4,0.9999960660934448
7154,2,2,0.9960922598838806
24810,9,9,0.9998855590820312
6610,2,2,0.9948492646217346
5179,1,1,0.999996542930603
20733,7,7,0.9971805810928345
12330,4,4,0.9999997615814209
18268,6,6,0.9871155023574829
19103,7,7,0.9953774213790894
26168,9,9,0.9999376535415649
2494,0,0,0.9997103810310364
22331,8,8,0.9995662569999695
19420,7,7,0.9999550580978394
22161,8,8,0.9997308850288391
845,0,0,0.9987452030181885
8734,2,2,0.9999903440475464
11916,4,4,0.9999881982803345
11871,4,4,0.9999884366989136
12415,4,4,0.9999979734420776
7967,2,2,0.9998127818107605
23563,8,8,0.9999386072158813
7340,2,2,0.9904071688652039
13891,4,4,0.999996542930603
25663,9,9,0.9999549388885498
25082,9,9,0.9873019456863403
7137,2,2,0.9967257976531982
2964,0,0,0.8385848999023438
15751,5,5,0.9997814297676086
18913,7,7,0.8867851495742798
15476,5,5,0.9708523750305176
5772,1,1,0.9996249675750732
17432,6,6,0.9981552958488464
23429,8,8,0.997683048248291
18344,6,6,0.9994264841079712
2530,0,0,0.9995168447494507
11138,3,4,0.7038471698760986
26998,9,9,0.9968734383583069
14716,5,2,0.5530356168746948
8429,2,2,0.9946414232254028
4917,1,1,0.9984732270240784
5901,1,1,0.999093770980835
8286,2,2,0.9999946355819702
20643,7,7,0.9973939657211304
25036,9,9,0.9998449087142944
5656,1,1,0.9796008467674255
16127,6,6,0.7738134264945984
22481,8,8,0.9902223348617554
5907,1,1,0.9999794960021973
7373,2,2,0.8533781170845032
19362,7,7,0.9997571110725403
25458,9,9,0.9996210336685181
26881,9,9,0.9998525381088257
6721,2,2,0.9955176711082458
24226,9,9,0.9973370432853699
26009,9,9,0.9977948665618896
12686,4,4,0.9999997615814209
8264,2,2,0.9141355752944946
7693,2,6,0.6605913639068604
19522,7,7,0.9889956712722778
8325,2,2,0.9727952480316162
26908,9,9,0.9995761513710022
12265,4,4,0.9999696016311646
11421,3,3,0.9996190071105957
1826,0,0,0.997467041015625
21932,8,8,0.9603090882301331
12329,4,4,0.9999872446060181
560,0,0,0.9999604225158691
4107,1,1,0.9978542923927307
5435,1,1,0.9999861717224121
4437,1,1,0.9999972581863403
10382,3,3,0.9990679621696472
17826,6,6,0.9501674175262451
4406,1,1,0.9999985694885254
26378,9,9,0.9998605251312256
18073,6,6,0.9729678630828857
23958,8,8,0.9999817609786987
9917,3,3,0.9999706745147705
25644,9,9,0.999413251876831
22346,8,8,0.999523401260376
18880,7,7,0.9997065663337708
15096,5,5,0.9998584985733032
2817,0,0,0.9599854350090027
16724,6,6,0.983244001865387
18792,7,7,0.964747428894043
24710,9,9,0.9999324083328247
5782,1,1,0.9999918937683105
20960,7,7,0.9996032118797302
16163,6,6,0.9481703042984009
20109,7,7,0.9998571872711182
19169,7,7,0.9866495728492737
9715,3,3,0.9922846555709839
10699,3,3,0.9986106157302856
26197,9,9,0.9339019656181335
17396,6,6,0.5839883685112
21664,8,8,0.9996664524078369
4895,1,1,0.999992847442627
23505,8,8,0.9999985694885254
22933,8,8,0.998878538608551
20421,7,7,0.9988679885864258
24923,9,9,0.9981895089149475
148,0,0,0.9994552731513977
16669,6,6,0.809321939945221
18752,7,7,0.9913128018379211
8555,2,2,0.9872891902923584
22483,8,8,0.9999909400939941
15463,5,5,0.9929028153419495
23154,8,8,0.9986132383346558
4443,1,1,0.9949414134025574
7446,2,2,0.9999123811721802
236,0,0,0.9995239973068237
15901,5,5,0.9877358078956604
26452,9,9,0.9998326301574707
10754,3,3,0.9867873191833496
7123,2,2,0.9884838461875916
25743,9,9,0.9988910555839539
10123,3,8,0.49119260907173157
13711,4,4,0.9999996423721313
3083,1,1,0.9999983310699463
632,0,0,0.9998588562011719
23197,8,8,0.9997662901878357
18877,7,7,0.9955571293830872
2665,0,0,0.9999340772628784
24922,9,9,0.9999964237213135
24811,9,9,0.9999120235443115
10526,3,3,0.9993046522140503
15836,5,5,0.5022959113121033
10060,3,3,0.9993556141853333
14788,5,5,0.9999703168869019
12075,4,4,0.9996681213378906
24889,9,9,0.9998134970664978
20595,7,7,0.9999735355377197
14109,5,5,0.9815424084663391
9686,3,3,0.9991313815116882
20258,7,7,0.9930667877197266
19201,7,7,0.999794065952301
24569,9,9,0.999942421913147
5249,1,1,0.9999334812164307
8533,2,2,0.9892992973327637
7426,2,2,0.9999406337738037
12345,4,3,0.9597311615943909
25084,9,9,0.9995461106300354
7979,2,2,0.9999916553497314
26072,9,9,0.9999277591705322
1735,0,0,0.999966025352478
23781,8,0,0.39701226353645325
14484,5,5,0.9967988729476929
4255,1,1,0.9999518394470215
24602,9,9,0.9634665846824646
2475,0,0,0.9998185038566589
10756,3,3,0.9612349271774292
26977,9,9,0.9999946355819702
3713,1,1,0.999546229839325
6704,2,2,0.8085616230964661
18188,6,6,0.9937137961387634
17091,6,6,0.9985301494598389
25921,9,9,0.9995501637458801
5189,1,1,0.9998019337654114
25220,9,9,0.9999394416809082
21856,8,8,0.9885855317115784
16456,6,6,0.9971241354942322
14210,5,5,0.8865639567375183
7843,2,2,0.9995039701461792
12640,4,4,0.9999982118606567
14052,5,5,0.9985590577125549
13031,4,4,0.6833164095878601
26542,9,9,0.9997556805610657
21485,7,7,0.9986166954040527
6764,2,2,0.9986673593521118
10793,3,3,0.9998519420623779
1125,0,0,0.9992561936378479
17625,6,6,0.8905032873153687
26648,9,9,0.9923194050788879
18733,7,7,0.9999803304672241
11543,4,4,0.9999938011169434
22986,8,8,0.9999842643737793
23164,8,8,0.9792113304138184
4358,1,1,0.9999822378158569
14114,5,5,0.9521666169166565
17727,6,6,0.9979392886161804
26982,9,9,0.9981454610824585
21400,7,7,0.9974263310432434
7421,2,2,0.7496023774147034
6652,2,2,0.9999371767044067
17484,6,6,0.960934579372406
9160,3,3,0.9980536699295044
23711,8,8,0.9997178912162781
7622,2,2,0.8824568390846252
987,0,0,0.9988287091255188
16014,6,6,0.6541067957878113
2852,0,0,0.9999916553497314
11695,4,4,0.9999327659606934
8853,2,2,0.994175136089325
16336,6,6,0.9885170459747314
14996,5,5,0.8667990565299988
17014,6,6,0.9282903671264648
17633,6,6,0.9862565398216248
19563,7,7,0.9946087598800659
16866,6,6,0.9867886900901794
9654,3,3,0.9999434947967529
3040,1,1,0.999994158744812
16035,6,6,0.9852877855300903
5010,1,1,0.9992902278900146
25273,9,9,0.9999575614929199
23384,8,8,0.9645751118659973
3273,1,1,0.999945878982544
7227,2,2,0.9978107810020447
3683,1,1,0.9972171783447266
23058,8,8,0.9999501705169678
6807,2,2,0.9383981227874756
12337,4,4,0.9999721050262451
22083,8,8,0.9634485840797424
1316,0,0,0.6911843419075012
3225,1,1,0.999482274055481
17456,6,6,0.9994266033172607
21199,7,7,0.9999101161956787
24865,9,9,0.9998337030410767
9852,3,3,0.9612703323364258
5752,1,1,1.0
10617,3,3,0.9999761581420898
16393,6,6,0.9951611161231995
4616,1,1,0.9999998807907104
19481,7,7,0.999815046787262
26249,9,9,0.9997714161872864
23253,8,8,0.9993959665298462
1300,0,0,0.9801861047744751
23669,8,8,0.9978151321411133
15222,5,5,0.9266247749328613
22668,8,8,0.9969857335090637
26314,9,9,0.999847412109375
13673,4,4,0.9921683669090271
9900,3,3,0.9612914323806763
5495,1,1,0.9999332427978516
21675,8,8,0.9999856948852539
9600,3,3,0.998831570148468
1798,0,0,0.999864935874939
12149,4,4,0.9999953508377075
9667,3,3,0.9997168183326721
21587,8,8,0.9997860789299011
21431,7,7,0.5782214999198914
6441,2,2,0.9903368949890137
8636,2,2,0.9982990622520447
24489,9,9,0.9997077584266663
15600,5,5,0.927410900592804
18743,7,7,0.9914701581001282
26179,9,9,0.999987006187439
3654,1,1,0.9999984502792358
7052,2,2,0.9999932050704956
15945,5,5,0.9873694777488708
11371,3,3,0.8875090479850769
15710,5,5,0.9936895370483398
1286,0,0,0.9999643564224243
19914,7,7,0.9999778270721436
20829,7,7,0.9998277425765991
2137,0,0,0.9999544620513916
23171,8,8,0.9962816834449768
10828,3,3,0.9998955726623535
12208,4,4,0.9998830556869507
12289,4,4,0.9971475005149841
9873,3,3,0.9999412298202515
21923,8,8,0.9997590184211731
16489,6,6,0.9963091015815735
23695,8,1,0.7250565886497498
13467,4,4,1.0
6894,2,2,0.9895516037940979
9884,3,3,0.9998526573181152
3610,1,1,0.9999890327453613
7151,2,2,0.9997790455818176
17347,6,6,0.9956068396568298
6012,2,2,0.9272702932357788
13645,4,4,0.9999995231628418
14113,5,5,0.7614428400993347
4882,1,1,0.9999884366989136
16524,6,6,0.9977080821990967
13076,4,4,0.9999120235443115
12611,4,4,0.999987006187439
12046,4,4,0.9999995231628418
4146,1,1,0.9990793466567993
8906,2,2,0.9476591944694519
23320,8,8,0.9967706203460693
6542,2,2,0.9999629259109497
21627,8,8,0.9998905658721924
4431,1,1,0.9998512268066406
24723,9,9,0.9995449185371399
406,0,0,0.9999574422836304
24596,9,9,0.9745520949363708
24741,9,9,0.9997960925102234
13178,4,4,0.9782578349113464
16173,6,6,0.9999687671661377
21829,8,8,0.7857937812805176
8234,2,2,0.5473083257675171
11022,3,3,0.9986584186553955
14051,5,5,0.9640668630599976
11563,4,4,0.8143031001091003
11556,4,4,0.999969482421875
20783,7,7,0.9988420605659485
16353,6,6,0.9995810389518738
21636,8,8,0.9999617338180542
11,0,0,0.9995799660682678
4760,1,1,0.9999768733978271
1177,0,0,0.9999895095825195
10693,3,3,0.9999135732650757
2863,0,0,0.999016284942627
6471,2,2,0.9999723434448242
22612,8,8,0.9961826205253601
9218,3,3,0.9954482913017273
12040,4,4,0.9999192953109741
2989,0,0,0.9967202544212341
23501,8,8,0.9975194334983826
11207,3,3,0.9974178075790405
7010,2,2,0.9987672567367554
11530,4,4,0.9999692440032959
14437,5,5,0.9890168905258179
22443,8,8,0.9970405697822571
8927,2,2,0.9998601675033569
12592,4,4,0.999997615814209
17824,6,6,0.9442551732063293
26661,9,9,0.9998825788497925
2875,0,0,0.9808948636054993
12178,4,4,0.9999836683273315
9108,3,3,0.9683815240859985
2190,0,0,0.9998311996459961
25361,9,9,0.9999140501022339
23616,8,8,0.9999972581863403
3726,1,1,0.9999918937683105
19156,7,7,0.9999301433563232
16838,6,6,0.9909494519233704
9013,3,3,0.9952411651611328
8189,2,2,0.9999788999557495
1367,0,0,0.9999796152114868
3712,1,1,0.9999855756759644
5450,1,1,0.9999804496765137
17772,6,6,0.9989035129547119
15638,5,5,0.9986584186553955
1000,0,0,0.9999568462371826
7761,2,2,0.9236608147621155
3553,1,1,0.9998992681503296
4114,1,1,0.9999741315841675
1667,0,0,0.9996696710586548
3173,1,1,0.9997308850288391
15740,5,5,0.5306670665740967
26201,9,9,0.9959469437599182
488,0,0,0.9999570846557617
19614,7,7,0.9954437017440796
20212,7,7,0.9688376188278198
25158,9,9,0.9996646642684937
12975,4,4,0.9999440908432007
21592,8,8,0.8030315637588501
7848,2,2,0.9958782196044922
5704,1,1,0.9998307228088379
26523,9,9,0.9999760389328003
8133,2,2,0.9986842274665833
17087,6,0,0.8333325386047363
5105,1,1,0.9990405440330505
25498,9,9,0.9999357461929321
3291,1,1,0.9251239895820618
8125,2,2,0.9999532699584961
11865,4,4,0.9999686479568481
13380,4,4,0.8239564895629883
9519,3,3,0.4260157644748688
26511,9,9,0.9906429648399353
13965,4,4,0.9993756413459778
14287,5,5,0.8170406818389893
13598,4,4,0.9946308135986328
25680,9,9,0.9997890591621399
21293,7,7,0.9999980926513672
4440,1,1,0.9999845027923584
10055,3,3,0.9997664093971252
17370,6,6,0.9818882346153259
26340,9,9,0.9999097585678101
25983,9,9,0.9997046589851379
26188,9,9,0.9992796778678894
24089,9,9,0.9976325035095215
15504,5,5,0.9993892908096313
22641,8,8,0.999038577079773
22473,8,8,0.9743458032608032
15577,5,5,0.9983214735984802
5238,1,1,0.9999772310256958
14646,5,5,0.9530330300331116
15552,5,5,0.9965143799781799
17582,6,6,0.993523359298706
12373,4,4,0.9994068145751953
25754,9,9,0.9997207522392273
13669,4,4,0.9969325065612793
7519,2,2,0.9965305924415588
23196,8,8,0.9985135197639465
9991,3,3,0.9997684359550476
9206,3,3,0.8759297728538513
24704,9,9,0.9998037219047546
9556,3,3,0.9992349147796631
10225,3,3,0.9991492033004761
23559,8,8,0.9960570335388184
4470,1,1,0.9991564750671387
17275,6,6,0.9991939663887024
10985,3,3,0.9995360374450684
1969,0,0,0.9984449744224548
12595,4,4,0.9999979734420776
5757,1,1,0.9999905824661255
22911,8,8,0.9980995059013367
6294,2,2,0.5680022239685059
12115,4,4,0.9999973773956299
13605,4,4,0.9999439716339111
7595,2,2,0.9996190071105957
9110,3,3,0.9999963045120239
3249,1,1,0.9975630044937134
6570,2,2,0.9932678937911987
6638,2,2,0.9989758729934692
23735,8,8,0.9682012796401978
21726,8,8,0.999731719493866
15398,5,5,0.9905343055725098
23857,8,8,0.9999936819076538
12504,4,4,0.9999933242797852
125,0,0,0.5256224274635315
16170,6,6,0.9981410503387451
5370,1,1,0.9999994039535522
1239,0,0,0.9991756081581116
2289,0,0,0.8968203067779541
19124,7,7,0.999956488609314
8467,2,2,0.912225067615509
20969,7,7,0.9999574422836304
1229,0,0,0.9999799728393555
9200,3,3,0.9999690055847168
6980,2,2,0.981607973575592
5178,1,1,0.9999722242355347
10724,3,3,0.9939829707145691
20677,7,7,0.9993226528167725
1058,0,0,0.9999591112136841
6262,2,2,0.9968107342720032
15360,5,5,0.5090034604072571
281,0,0,0.9999933242797852
14846,5,5,0.9645006060600281
968,0,0,0.9910797476768494
16001,6,6,0.998132050037384
20337,7,7,0.9999562501907349
1939,0,0,0.9996799230575562
26651,9,9,0.9998311996459961
17658,6,6,0.9999598264694214
619,0,0,0.9968356490135193
18309,6,0,0.9619731903076172
1742,0,0,0.9999886751174927
17774,6,6,0.9998056292533875
18587,7,7,0.9997877478599548
14135,5,5,0.9990330934524536
9847,3,3,0.9129839539527893
3568,1,1,0.999996542930603
15563,5,5,0.9986739158630371
6116,2,2,0.7222036719322205
26962,9,9,0.997238039970398
22436,8,8,0.9999887943267822
3178,1,1,0.9999996423721313
19576,7,7,0.9918128252029419
9499,3,3,0.9999425411224365
6099,2,2,0.9995217323303223
23413,8,8,0.9998615980148315
16959,6,6,0.9989872574806213
10552,3,3,0.9997023940086365
23040,8,8,0.9990052580833435
23499,8,8,0.9987640380859375
13994,4,4,0.999994158744812
25381,9,9,0.9998520612716675
15635,5,5,0.9022271037101746
6276,2,2,0.9709954261779785
9472,3,4,0.9919495582580566
25629,9,9,0.9995831847190857
13149,4,4,0.9992782473564148
11083,3,3,0.9988625049591064
22281,8,8,0.9916673302650452
5724,1,1,0.9999986886978149
10831,3,3,0.9967413544654846
16653,6,6,0.9972261786460876
629,0,0,0.9998924732208252
11970,4,4,0.999528169631958
19465,7,7,0.9996986389160156
19850,7,7,0.7007453441619873
6430,2,2,0.9938948750495911
3374,1,1,0.9999984502792358
23446,8,8,0.9999830722808838
12588,4,4,0.9999991655349731
26974,9,9,0.9999264478683472
21927,8,8,0.9999357461929321
13760,4,4,0.983309805393219
10238,3,3,0.9975095987319946
20740,7,7,0.9999911785125732
2113,0,0,0.9996212720870972
24603,9,9,0.9999912977218628
3216,1,1,0.9999972581863403
13125,4,4,0.999998927116394
3814,1,1,0.999997615814209
8321,2,2,0.9834995269775391
3155,1,1,0.9998728036880493
14296,5,5,0.9589771032333374
2278,0,0,0.9978348612785339
4599,1,1,0.9999620914459229
13,0,0,0.9346310496330261
1646,0,0,0.9964403510093689
17909,6,6,0.8498348593711853
2365,0,0,0.9999997615814209
4648,1,1,0.9994157552719116
12197,4,4,0.9999995231628418
374,0,0,0.6947586536407471
24960,9,9,0.9999454021453857
22861,8,8,0.9556376338005066
525,0,0,0.9991996884346008
9131,3,3,0.9951086640357971
11561,4,4,1.0
13910,4,4,0.9999864101409912
12765,4,4,0.9999414682388306
23279,8,8,0.9938029050827026
19975,7,7,0.999951958656311
24288,9,9,0.9998886585235596
19342,7,7,0.9999880790710449
529,0,0,0.9999890327453613
15596,5,5,0.9333064556121826
20098,7,7,0.9900277256965637
21116,7,7,0.9999871253967285
9461,3,3,0.9968808889389038
12473,4,4,1.0
17778,6,6,0.8926236033439636
12201,4,4,0.999997615814209
12582,4,4,0.9999997615814209
11171,3,3,0.9897451996803284
26812,9,9,0.9995220899581909
12003,4,4,0.998799204826355
22015,8,8,0.9999527931213379
6563,2,2,0.9963186979293823
4703,1,1,0.9989470839500427
15282,5,5,0.9966511130332947
18096,6,6,0.9979742169380188
15921,5,5,0.9634930491447449
26673,9,9,0.9999797344207764
955,0,0,0.9917819499969482
6675,2,2,0.9969871640205383
3453,1,1,0.9996404647827148
12803,4,4,0.9999028444290161
15140,5,5,0.9972724318504333
8595,2,2,0.9977951049804688
2071,0,0,0.9964787364006042
956,0,0,0.9953910112380981
16542,6,6,0.9997064471244812
14036,5,5,0.9900813698768616
7005,2,2,0.9936366081237793
352,0,0,0.999998927116394
13518,4,4,0.9949933886528015
22462,8,8,0.9992849230766296
16309,6,6,0.8688748478889465
6236,2,2,0.8837210536003113
12732,4,4,0.9990559220314026
8946,2,2,0.9047082662582397
14025,5,5,0.8372023105621338
25591,9,9,0.9999946355819702
2920,0,0,0.9645295739173889
15711,5,8,0.7846123576164246
4644,1,1,0.9998818635940552
661,0,0,0.9999735355377197
16082,6,6,0.9994258880615234
7057,2,2,0.9999998807907104
10181,3,3,0.9083210229873657
20049,7,7,0.9995751976966858
24363,9,9,0.9998440742492676
16690,6,6,0.9971457123756409
4790,1,1,0.9999995231628418
2356,0,0,0.9995622038841248
11894,4,4,0.9997230172157288
18311,6,0,0.7934786081314087
26541,9,9,0.9995686411857605
19811,7,7,0.9991962313652039
20022,7,7,0.999876856803894
17650,6,6,0.9732474088668823
13612,4,4,0.9999996423721313
1560,0,0,0.9999971389770508
11787,4,4,0.999998927116394
10326,3,3,0.9962984919548035
7179,2,2,0.8609920740127563
15349,5,5,0.9936578869819641
15313,5,5,0.9738759398460388
13258,4,4,0.97651207447052
4109,1,1,0.8445870876312256
24251,9,9,0.9999853372573853
21288,7,7,0.9996116757392883
23678,8,8,0.9999794960021973
514,0,0,0.9999948740005493
894,0,0,0.9961917400360107
8601,2,2,0.9999257326126099
16405,6,6,0.9974178075790405
26922,9,9,0.9970859885215759
899,0,0,0.9999988079071045
207,0,0,0.9998773336410522
25630,9,9,0.9999747276306152
458,0,0,0.9999829530715942
2430,0,0,0.9997817873954773
24826,9,9,0.9999397993087769
13629,4,4,0.9976209998130798
3389,1,1,0.999998927116394
3911,1,1,0.9991604089736938
21767,8,0,0.7739525437355042
552,0,0,0.9995405673980713
19528,7,7,0.9999759197235107
6917,2,2,0.943489134311676
18440,6,6,0.9025791883468628
1925,0,0,0.9999840259552002
17018,6,6,0.9997749924659729
6082,2,2,0.999171257019043
24892,9,9,0.9999316930770874
26033,9,9,0.9996873140335083
18279,6,6,0.9974439144134521
25069,9,9,0.9996770620346069
105,0,0,0.999401330947876
3041,1,1,0.9995730519294739
16369,6,6,0.7314220070838928
10361,3,1,0.8623968362808228
18093,6,6,0.999976396560669
89,0,0,0.9995051622390747
23398,8,8,0.9999713897705078
15525,5,5,0.9954255223274231
10433,3,3,0.7727982997894287
19558,7,7,0.6784365773200989
17301,6,6,0.9985277652740479
24217,9,9,0.9988611936569214
14451,5,5,0.9813434481620789
23116,8,8,0.9997362494468689
18333,6,6,0.9642118215560913
12236,4,4,0.9993591904640198
14056,5,5,0.811001181602478
6368,2,2,0.9999319314956665
16385,6,6,0.9639803171157837
24416,9,9,0.9998475313186646
22431,8,8,0.9941439032554626
9127,3,3,0.9431936740875244
8905,2,2,0.9999750852584839
2720,0,0,0.9999902248382568
16019,6,6,0.993032693862915
13621,4,4,0.9998094439506531
8783,2,2,0.9967926144599915
15822,5,5,0.9977205395698547
26751,9,9,0.9998536109924316
19501,7,7,0.9629084467887878
26293,9,9,0.9998699426651001
10640,3,3,0.9983201622962952
9768,3,3,0.9933258295059204
13399,4,4,0.9773354530334473
3762,1,1,0.999693751335144
213,0,0,0.9998903274536133
17162,6,6,0.9984122514724731
19880,7,7,0.999879002571106
25398,9,9,0.9999045133590698
18427,6,6,0.9985442161560059
8920,2,2,0.9957103729248047
21804,8,8,0.9999971389770508
6154,2,2,0.9994926452636719
8357,2,2,0.819498598575592
17773,6,6,0.9850479364395142
24849,9,9,0.9993124008178711
4167,1,1,0.9999815225601196
20172,7,7,0.9991679191589355
24970,9,9,0.9999486207962036
16967,6,6,0.9999505281448364
26884,9,9,0.9995297193527222
26979,9,9,0.9998107552528381
16500,6,6,0.5754547715187073
23028,8,8,0.999987006187439
5109,1,1,0.999805748462677
26936,9,9,0.9996732473373413
26691,9,9,0.9998672008514404
25598,9,9,0.9998304843902588
8712,2,2,0.9969793558120728
1763,0,0,0.9958778619766235
18259,6,6,0.9801862239837646
13547,4,4,0.9999990463256836
11536,4,4,0.9999382495880127
15069,5,5,0.9982081651687622
3224,1,1,0.9999983310699463
526,0,0,0.9998229146003723
24109,9,9,0.9867057204246521
15251,5,5,0.9999386072158813
19330,7,7,0.9995459914207458
20857,7,7,0.9999853372573853
12091,4,4,0.9999185800552368
5655,1,1,0.9999465942382812
8884,2,2,0.9934364557266235
6059,2,2,0.999554455280304
17343,6,6,0.6913446187973022
6342,2,2,0.8486530780792236
20017,7,7,0.9765673279762268
13997,4,4,0.9999901056289673
17434,6,6,0.8585160970687866
8782,2,2,0.9999991655349731
8711,2,2,0.9943459630012512
3380,1,1,0.9999986886978149
3676,1,1,0.9993293285369873
5776,1,1,0.9999964237213135
25713,9,9,0.985508382320404
6573,2,2,0.7851188778877258
21563,8,8,0.9999977350234985
1607,0,0,0.9917263984680176
19994,7,7,0.9994127750396729
26676,9,9,0.9997376799583435
23019,8,8,0.9993583559989929
26996,9,9,0.9998778104782104
15883,5,0,0.8298478126525879
17175,6,6,0.998487114906311
8984,2,2,0.974143385887146
19440,7,7,0.9893327951431274
15522,5,5,0.9997194409370422
1980,0,0,0.9999113082885742
11425,3,3,0.9999192953109741
19982,7,7,0.9994075298309326
17317,6,6,0.9999723434448242
12155,4,4,0.9651437997817993
12857,4,4,0.9996820688247681
7424,2,2,0.977651059627533
5626,1,1,0.9999943971633911
1682,0,0,0.9999983310699463
16133,6,6,0.8217451572418213
20563,7,7,0.9167125225067139
16335,6,6,0.7134408950805664
6446,2,2,0.9766032695770264
20500,7,7,0.9997922778129578
988,0,0,0.952279269695282
15083,5,5,0.993134617805481
11645,4,4,0.9999967813491821
19280,7,7,0.999953031539917
20162,7,7,0.9999852180480957
22042,8,8,0.9999264478683472
11722,4,4,0.9726067781448364
3093,1,1,0.9998130202293396
19539,7,7,0.9999082088470459
13261,4,4,0.9989705085754395
13998,4,4,0.9999891519546509
18207,6,6,0.9887192845344543
26501,9,9,0.9999306201934814
17482,6,0,0.8777855038642883
10396,3,3,0.9907233119010925
2844,0,0,0.9999973773956299
9078,3,3,0.999809205532074
3342,1,1,0.9986531734466553
16422,6,8,0.7912901043891907
6540,2,2,0.9923376441001892
26317,9,9,0.9986438155174255
14288,5,5,0.9993487000465393
3356,1,1,0.9999728202819824
13025,4,4,0.9999923706054688
11745,4,4,0.9980973601341248
11801,4,4,1.0
14414,5,0,0.7445217370986938
7813,2,2,0.9999998807907104
26636,9,9,0.9999645948410034
24604,9,9,0.9996764659881592
21510,8,8,0.9754752516746521
2428,0,0,0.9993507266044617
21427,7,7,0.9996547698974609
21730,8,8,0.9994590878486633
11939,4,4,0.9990419745445251
21195,7,7,0.9710884690284729
24860,9,9,0.9999886751174927
17070,6,6,0.9953528642654419
4799,1,1,0.9991982579231262
23821,8,8,0.8100999593734741
2353,0,0,0.999950647354126
22737,8,8,0.9999477863311768
16378,6,6,0.9784576296806335
11383,3,3,0.9998416900634766
20953,7,7,0.9921658039093018
24597,9,9,0.9999728202819824
19136,7,7,0.9974742531776428
9077,3,3,0.9999467134475708
8073,2,2,0.9971790313720703
14859,5,5,0.9276119470596313
17424,6,6,0.9655764102935791
26362,9,9,0.9999915361404419
7491,2,2,0.9999141693115234
17649,6,6,0.9723359942436218
12771,4,4,0.9941786527633667
26025,9,9,0.999961256980896
7059,2,2,0.9622870087623596
13507,4,4,0.9999991655349731
16661,6,6,0.9956230521202087
5084,1,1,0.9983539581298828
2382,0,0,0.9999077320098877
571,0,0,0.9999117851257324
1435,0,0,0.9999860525131226
13281,4,4,0.9999904632568359
9439,3,3,0.9974351525306702
21736,8,8,0.9992473125457764
11718,4,4,0.99998939037323
14749,5,6,0.9472817182540894
10706,3,3,0.9778106212615967
5445,1,1,0.9999904632568359
1007,0,0,0.9997426867485046
4543,1,1,0.9999933242797852
12987,4,4,0.999996542930603
7009,2,6,0.504436731338501
2064,0,0,0.9999499320983887
1136,0,0,0.9999905824661255
9882,3,8,0.7628220915794373
21727,8,8,0.9152079820632935
10177,3,3,0.9932172894477844
294,0,0,0.9927040338516235
16077,6,6,0.8910039663314819
18787,7,7,0.9908159971237183
3998,1,1,0.9999942779541016
9766,3,3,0.9998691082000732
3741,1,1,0.9996336698532104
11700,4,4,0.9999303817749023
25964,9,9,0.9997507929801941
2719,0,0,0.9995991587638855
25935,9,9,0.9999880790710449
12713,4,4,0.8919652104377747
14870,5,0,0.736669659614563
21534,8,8,0.9998995065689087
16370,6,6,0.9942967295646667
2808,0,0,0.842306911945343
9017,3,3,0.9999926090240479
16940,6,6,0.9762365221977234
16106,6,6,0.9727756381034851
22534,8,8,0.9999692440032959
21179,7,7,0.9999462366104126
2469,0,0,0.9999868869781494
3738,1,1,0.9999963045120239
20670,7,7,0.9999969005584717
13481,4,4,0.9999746084213257
18988,7,4,0.7759439945220947
362,0,0,0.9767016172409058
6924,2,2,0.9843837022781372
18088,6,6,0.9999712705612183
14688,5,5,0.9995009899139404
2139,0,0,0.9999735355377197
19623,7,7,0.9995558857917786
18767,7,7,0.9999788999557495
7314,2,2,0.9570187330245972
20695,7,7,0.9998854398727417
1312,0,0,0.9988129138946533
20314,7,7,0.9984779953956604
6183,2,2,0.9963679313659668
11303,3,3,0.9978296160697937
1591,0,0,0.9999785423278809
26187,9,9,0.9998724460601807
18546,7,7,0.9979369640350342
2396,0,0,0.9997901320457458
16701,6,6,0.8486323952674866
14559,5,5,0.9999315738677979
9516,3,3,0.9988908171653748
5233,1,1,0.999489426612854
25511,9,1,0.7662793397903442
21452,7,7,0.9698366522789001
20420,7,7,0.9999512434005737
8987,2,2,0.8562766909599304
3020,1,1,0.9999904632568359
9903,3,3,0.9999109506607056
8228,2,2,0.9973944425582886
9105,3,3,0.9999867677688599
13913,4,4,0.9999967813491821
5295,1,1,0.9999951124191284
3972,1,1,0.999981164932251
21754,8,8,0.9995498061180115
14663,5,6,0.7938475608825684
4133,1,1,0.9999990463256836
974,0,0,0.9990647435188293
7291,2,2,0.9999715089797974
15585,5,5,0.9921717643737793
17338,6,6,0.9473268985748291
9752,3,3,0.9994773268699646
13774,4,4,0.9999988079071045
23265,8,8,0.9986699819564819
5016,1,1,0.9999996423721313
17602,6,6,0.8571801781654358
10874,3,3,0.9995537400245667
23874,8,8,0.9998327493667603
13239,4,4,0.999990701675415
18024,6,6,0.9993168115615845
17674,6,6,0.9840509295463562
11873,4,4,0.9998844861984253
17764,6,6,0.9981046915054321
1933,0,0,0.9999212026596069
4675,1,1,0.9986758828163147
10222,3,3,0.8268311619758606
892,0,0,0.9999761581420898
7287,2,2,0.9714117646217346
21260,7,7,0.9929946064949036
7906,2,2,0.9999969005584717
24578,9,9,0.9948863387107849
14551,5,5,0.9766317009925842
23696,8,8,0.9998015761375427
18850,7,4,0.9622492790222168
7657,2,2,0.9283382892608643
10106,3,3,0.9998137354850769
18297,6,6,0.7990593910217285
11362,3,3,0.9961470365524292
13832,4,4,0.9989627599716187
19120,7,7,0.9961444139480591
726,0,0,0.9999914169311523
7214,2,2,0.9984925985336304
8245,2,2,0.9999943971633911
18180,6,6,0.9999734163284302
15876,5,5,0.9753441214561462
20229,7,7,0.9982048273086548
14199,5,5,0.8564325571060181
22786,8,8,0.998224675655365
10745,3,3,0.9969350099563599
17320,6,6,0.819404125213623
18649,7,7,0.9780166149139404
17208,6,6,0.9525212645530701
7274,2,2,0.9611775875091553
11593,4,4,0.999980092048645
1389,0,0,0.9905607104301453
3564,1,1,0.9965673685073853
9076,3,3,0.9941452741622925
5429,1,1,0.9818867444992065
26834,9,9,0.9998273253440857
16220,6,6,0.8672247529029846
24211,9,9,0.9999897480010986
22074,8,8,0.9995885491371155
14899,5,5,0.9983861446380615
24262,9,9,0.9745035171508789
15512,5,5,0.9999746084213257
14561,5,5,0.9989726543426514
1868,0,0,0.9998540878295898
8202,2,2,0.9664936065673828
23870,8,8,0.9999576807022095
806,0,0,0.9942024350166321
4805,1,1,0.9999998807907104
25410,9,9,0.9997171759605408
12260,4,4,0.7063665390014648
25858,9,9,0.9998828172683716
26944,9,9,0.9999197721481323
10426,3,3,0.9839620590209961
9155,3,3,0.9887135028839111
23895,8,8,0.9999921321868896
24440,9,9,0.9996637105941772
15152,5,5,0.9819713234901428
4494,1,1,0.999657392501831
2632,0,0,0.999453604221344
14286,5,5,0.995572566986084
25507,9,9,0.998479425907135
25007,9,9,0.9999891519546509
7832,2,2,0.9029459357261658
20772,7,7,0.9999042749404907
14269,5,5,0.9997619986534119
145,0,0,0.9825650453567505
22851,8,8,0.9888637065887451
2033,0,0,0.9222633838653564
24951,9,9,0.9998760223388672
1165,0,0,0.9993059635162354
11692,4,4,0.9999020099639893
2050,0,0,0.999976396560669
20144,7,7,0.8931741714477539
10816,3,3,0.9997866749763489
12676,4,4,0.9994058609008789
20819,7,3,0.839738130569458
3430,1,1,0.9999967813491821
24574,9,9,0.9993976354598999
25315,9,9,0.8879073858261108
7069,2,2,0.9994113445281982
4361,1,1,0.9999998807907104
10616,3,3,0.9981278777122498
18155,6,6,0.993355393409729
19895,7,7,0.9932350516319275
271,0,0,0.9930596351623535
12984,4,4,0.9999982118606567
8436,2,2,0.8363047242164612
18416,6,6,0.9699650406837463
12316,4,4,0.9999746084213257
26690,9,9,0.9999053478240967
9005,3,3,0.9999574422836304
26555,9,9,0.998933732509613
3810,1,1,0.9999904632568359
13919,4,4,0.9999994039535522
15775,5,5,0.9866176247596741
9996,3,1,0.6086965799331665
4346,1,1,0.9894212484359741
545,0,0,0.9999362230300903
19625,7,7,0.9997875094413757
8502,2,2,0.8827667236328125
11713,4,4,0.9999918937683105
15229,5,5,0.9982547163963318
9323,3,3,0.9993681311607361
13737,4,4,0.9987480640411377
26892,9,9,0.9956504702568054
15520,5,5,0.9998869895935059
7564,2,2,0.9999734163284302
17304,6,6,0.9940411448478699
15317,5,5,0.9767329096794128
25815,9,9,0.9967145919799805
11779,4,4,1.0
6640,2,2,0.9999971389770508
24078,9,9,0.999609649181366
8230,2,2,0.9998371601104736
12651,4,4,0.9999924898147583
23510,8,8,0.9999819993972778
20662,7,7,0.9992102384567261
2983,0,0,0.9862908720970154
16514,6,6,0.9838274717330933
13409,4,4,0.9999234676361084
24364,9,9,0.9993647933006287
2667,0,0,0.9999769926071167
23522,8,8,0.8002361059188843
19607,7,7,0.9999940395355225
9374,3,3,0.9987653493881226
24077,9,9,0.9928826093673706
21776,8,8,0.9985511898994446
614,0,0,0.9982581734657288
19945,7,7,0.9999797344207764
17850,6,6,0.9998101592063904
4497,1,1,0.999995231628418
19426,7,7,0.999933123588562
18803,7,7,0.998534083366394
21469,7,7,0.9997687935829163
3294,1,1,0.9999998807907104
6737,2,2,0.9998667240142822
1500,0,0,0.999854326248169
9018,3,3,0.9916251301765442
17905,6,6,0.9967283010482788
25814,9,9,0.9995077848434448
15023,5,5,0.9992024302482605
11122,3,3,0.9991949200630188
4232,1,1,0.999954104423523
24070,9,9,0.7850152850151062
8820,2,2,0.9957310557365417
4430,1,1,0.9999450445175171
12045,4,4,1.0
16774,6,6,0.605511486530304
26814,9,9,0.9998462200164795
23508,8,8,0.9918957352638245
22297,8,1,0.7300583124160767
12182,4,4,0.9999973773956299
8592,2,2,0.7391446232795715
4806,1,1,0.9992356300354004
25589,9,9,0.999344527721405
24622,9,9,0.9998886585235596
13849,4,4,0.9997243285179138
24428,9,9,0.9997377991676331
25064,9,9,0.999990701675415
20377,7,7,0.9999740123748779
11918,4,4,0.9999758005142212
21771,8,8,0.9993576407432556
22993,8,8,0.998420238494873
15896,5,5,0.9833096861839294
5319,1,1,0.9999392032623291
26788,9,9,0.9881128668785095
7119,2,2,0.999025821685791
2421,0,0,0.9999170303344727
21988,8,8,0.9882088899612427
1750,0,0,0.9993313550949097
11344,3,3,0.9957969188690186
19092,7,7,0.9997357726097107
12254,4,4,0.5351487994194031
26622,9,9,0.9998656511306763
338,0,0,0.9961712956428528
24791,9,9,0.9682585597038269
11855,4,4,0.9999352693557739
1341,0,0,0.9997889399528503
26394,9,9,0.9998303651809692
24366,9,9,0.9999850988388062
3640,1,1,0.9999977350234985
16713,6,6,0.9876077771186829
21520,8,8,0.9977918863296509
3004,1,1,0.9998037219047546
6960,2,2,0.9996978044509888
4090,1,1,0.9998346567153931
16314,6,6,0.9975560903549194
18706,7,7,0.9924294352531433
23051,8,8,0.9999791383743286
23393,8,8,0.9997631907463074
20581,7,7,0.9999730587005615
19933,7,7,0.953184962272644
9650,3,3,0.9997244477272034
8363,2,2,0.9900888800621033
20587,7,7,0.9996646642684937
26085,9,9,0.999985933303833
12418,4,4,0.9999997615814209
24354,9,9,0.9998205304145813
13350,4,4,0.9999912977218628
25646,9,9,0.9996682405471802
22569,8,8,0.9998044371604919
18023,6,6,0.985300600528717
9130,3,3,0.972553551197052
60,0,0,0.9999697208404541
1240,0,0,0.9999289512634277
22144,8,8,0.9991369843482971
5136,1,1,0.9888206124305725
2343,0,0,0.9979956150054932
15048,5,5,0.9946244359016418
2120,0,0,0.9997918009757996
1524,0,0,0.996455729007721
7617,2,2,0.9985552430152893
153,0,0,0.9993709921836853
14536,5,1,0.6430447101593018
481,0,0,0.9993368983268738
6122,2,2,0.9995119571685791
12652,4,4,0.9988136291503906
24058,9,9,0.9999667406082153
23485,8,8,0.9954818487167358
12112,4,4,0.9999951124191284
15850,5,5,0.9865958094596863
1762,0,0,0.9974027276039124
15826,5,5,0.9892177581787109
15507,5,5,0.9832022786140442
8942,2,2,0.9998871088027954
7715,2,2,0.9999803304672241
21792,8,8,0.999510645866394
23863,8,8,0.99309241771698
22596,8,8,0.8793658018112183
4853,1,1,0.9998241066932678
2711,0,0,0.9999903440475464
23150,8,8,0.999995231628418
20534,7,7,0.6689356565475464
17717,6,6,0.81456059217453
11046,3,5,0.9197928309440613
24762,9,9,0.9982174038887024
6819,2,2,0.999985933303833
24063,9,9,0.9998924732208252
21799,8,8,0.9999943971633911
20234,7,7,0.6169577240943909
24724,9,9,0.9362214803695679
20508,7,7,0.9952127933502197
13081,4,4,0.9862757921218872
21874,8,8,0.9999419450759888
11555,4,4,0.9999829530715942
21172,7,4,0.6473380923271179
19250,7,7,0.999489426612854
17770,6,6,0.9999645948410034
5941,1,1,0.999935507774353
3067,1,1,0.9999669790267944
25738,9,9,0.9887205958366394
3629,1,1,0.9999825954437256
26279,9,9,0.9994949102401733
24027,9,9,0.9999281167984009
3028,1,1,0.9999939203262329
2969,0,0,0.8087071180343628
11664,4,4,0.9988253712654114
8646,2,2,0.8323790431022644
15156,5,5,0.9178794026374817
22520,8,8,0.9705490469932556
25802,9,9,0.9986400008201599
25185,9,9,0.9998489618301392
4263,1,1,0.9986960291862488
17029,6,6,0.9941396713256836
15646,5,5,0.9957991242408752
7992,2,2,0.9329009652137756
18458,6,6,0.955936849117279
16725,6,6,0.5962153673171997
8041,2,2,0.970674991607666
15988,5,5,0.9980630278587341
1622,0,0,0.999924898147583
12875,4,4,0.9999914169311523
23525,8,8,0.9998867511749268
22180,8,8,0.9998819828033447
7184,2,2,0.999996542930603
24616,9,9,0.9998171925544739
5475,1,1,0.9999972581863403
23365,8,8,0.9996113181114197
16458,6,6,0.992659866809845
8996,2,2,0.9999985694885254
11372,3,3,0.8341659307479858
8633,2,2,0.9999920129776001
23193,8,8,0.993911862373352
18435,6,6,0.7462114691734314
18925,7,7,0.995341420173645
17685,6,6,0.9918136596679688
22261,8,8,0.9982929825782776
23752,8,8,0.9998596906661987
1304,0,0,0.9878125786781311
8428,2,2,0.9998860359191895
4033,1,1,0.9996974468231201
2599,0,0,0.9998575448989868
12808,4,4,0.9961113333702087
2573,0,0,0.9991161227226257
3186,1,1,0.9999948740005493
19152,7,7,0.944133996963501
4831,1,1,0.9999717473983765
20607,7,7,0.9065592885017395
16086,6,6,0.9924907088279724
24557,9,9,0.9999645948410034
2106,0,0,0.9999977350234985
19063,7,7,0.9997482895851135
15517,5,5,0.9995279312133789
12880,4,4,0.9999985694885254
17771,6,0,0.8405454158782959
26568,9,9,0.9997588992118835
25553,9,9,0.9862064719200134
22370,8,8,0.999180018901825
7083,2,2,0.9998576641082764
13192,4,4,0.9996858835220337
1279,0,0,0.9993232488632202
13221,4,4,0.9999945163726807
804,0,0,0.9964949488639832
14596,5,5,0.8731975555419922
17939,6,6,0.9998444318771362
20875,7,7,0.9999188184738159
11382,3,3,0.9995276927947998
4566,1,1,0.9999490976333618
26562,9,9,0.9986372590065002
15358,5,5,0.9609015583992004
4841,1,1,0.9998362064361572
19978,7,7,0.8291491270065308
22419,8,8,0.9999698400497437
23236,8,8,0.9999642372131348
10112,3,3,0.999983549118042
8705,2,2,0.9996598958969116
20561,7,7,0.9996057152748108
17692,6,6,0.9950429201126099
13859,4,4,0.999991774559021
9106,3,3,0.9245269298553467
3452,1,1,0.9999990463256836
20079,7,7,0.8931357860565186
20626,7,7,0.9517925977706909
2198,0,0,0.9999792575836182
16032,6,6,0.9720278382301331
25350,9,9,0.9998539686203003
4425,1,1,0.999977707862854
6150,2,2,0.997215747833252
14289,5,5,0.9992167949676514
17327,6,6,0.9791767001152039
822,0,0,0.7161213159561157
15070,5,5,0.9981908202171326
21389,7,7,0.9999532699584961
22996,8,8,0.9937137961387634
8356,2,2,0.9914757013320923
22003,8,8,0.80991131067276
20931,7,7,0.9999964237213135
12175,4,4,0.9999688863754272
18922,7,7,0.839306652545929
15149,5,5,0.9789096713066101
9503,3,3,0.9994592070579529
21591,8,8,0.9970510005950928
26354,9,9,0.9999080896377563
25665,9,9,0.9999179840087891
13575,4,4,0.9999990463256836
3054,1,1,0.9999306201934814
20059,7,7,0.9998786449432373
24160,9,9,0.9999234676361084
7218,2,2,0.9995006322860718
6722,2,2,0.983616054058075
3300,1,1,0.999966025352478
19694,7,7,0.9899793863296509
23605,8,8,0.9994449019432068
8519,2,2,0.9997802376747131
16380,6,6,0.9993612170219421
10682,3,3,0.9972299933433533
14295,5,5,0.9746813774108887
22338,8,8,0.9999737739562988
10998,3,3,0.9995237588882446
12600,4,4,0.9999995231628418
17216,6,6,0.9934593439102173
11271,3,3,0.9596192836761475
26725,9,9,0.999812662601471
19846,7,7,0.9859327673912048
7643,2,2,0.9997362494468689
16438,6,6,0.9998584985733032
14422,5,5,0.9995705485343933
19835,7,7,0.9999840259552002
22689,8,8,0.9999144077301025
10093,3,3,0.9999406337738037
1481,0,0,0.9982267022132874
4873,1,1,0.9998192191123962
13087,4,4,0.9981484413146973
16002,6,6,0.9700590372085571
8038,2,2,0.9748935699462891
12342,4,4,0.9999839067459106
19719,7,7,0.9999463558197021
22400,8,8,0.6382924318313599
21310,7,7,0.9999984502792358
25522,9,9,0.999666690826416
5797,1,1,0.9999743700027466
11485,3,3,0.9981020092964172
5232,1,1,0.9999572038650513
21467,7,7,0.9914552569389343
6645,2,2,0.9942824840545654
15534,5,5,0.9912863373756409
5490,1,1,0.9999756813049316
768,0,0,0.9960570335388184
18449,6,6,0.9979242086410522
23570,8,8,0.9942544102668762
7311,2,2,0.9265795350074768
24861,9,9,0.9996293783187866
26917,9,9,0.9995170831680298
20908,7,7,0.9996764659881592
2717,0,0,0.999925971031189
2079,0,0,0.9999806880950928
25298,9,1,0.7636094689369202
951,0,0,0.9998043179512024
24442,9,9,0.9997039437294006
2482,0,0,0.9999032020568848
9181,3,3,0.9995928406715393
1759,0,0,0.982040286064148
9984,3,3,0.9992567896842957
20806,7,7,0.9999822378158569
23088,8,8,0.9924343824386597
9916,3,3,0.9073302745819092
21566,8,8,0.9990217685699463
24917,9,9,0.9999892711639404
20085,7,7,0.9999963045120239
4243,1,1,0.9999896287918091
17072,6,6,0.9310675859451294
19816,7,7,0.999772846698761
13395,4,4,0.997256338596344
4944,1,1,0.9999974966049194
17350,6,6,0.9938674569129944
5588,1,1,0.9996905326843262
16241,6,6,0.9575261473655701
10395,3,3,0.9997164607048035
19097,7,4,0.5608232617378235
4757,1,1,0.9997401833534241
4380,1,1,0.9999997615814209
22704,8,8,0.9999791383743286
13472,4,4,0.9999982118606567
22359,8,8,0.999645471572876
19956,7,7,0.9996345043182373
12997,4,4,0.9999995231628418
5299,1,1,0.9999500513076782
1990,0,0,0.7939780950546265
12312,4,4,0.9993426203727722
12951,4,4,0.9999998807907104
17589,6,6,0.9958162903785706
13490,4,4,0.9999982118606567
4971,1,1,0.9999935626983643
26634,9,9,0.9990322589874268
13226,4,4,0.9999816417694092
6783,2,2,0.999969482421875
3600,1,1,0.9999567270278931
22874,8,8,0.9989210367202759
24993,9,9,0.9986018538475037
26971,9,9,0.9988940358161926
8070,2,2,0.9999104738235474
8577,2,2,0.9979982972145081
7973,2,2,0.9722992181777954
10314,3,3,0.9999393224716187
1625,0,0,0.9996929168701172
16920,6,6,0.8958489894866943
25150,9,9,0.9997242093086243
7970,2,2,0.9834798574447632
13224,4,4,0.9999901056289673
4212,1,1,0.9995355606079102
6456,2,2,0.9998327493667603
19891,7,7,0.9998705387115479
24777,9,9,0.9998555183410645
9524,3,3,0.9992640614509583
23496,8,8,0.9999780654907227
11694,4,4,0.9999933242797852
2708,0,0,0.9998648166656494
21415,7,7,0.9981381893157959
6514,2,0,0.43987250328063965
4662,1,1,0.9999426603317261
20405,7,7,0.9999079704284668
1854,0,0,0.9991243481636047
3072,1,1,0.9999990463256836
19256,7,7,0.8045092225074768
19414,7,7,0.880412757396698
14755,5,5,0.9991452693939209
1645,0,0,0.9993197917938232
3417,1,1,0.9999984502792358
3476,1,1,0.9999916553497314
26404,9,9,0.9996688365936279
11053,3,3,0.9888668656349182
1792,0,0,0.9999990463256836
13718,4,4,0.9999992847442627
15114,5,5,0.9425451755523682
3797,1,1,0.9816005229949951
3368,1,1,0.9999855756759644
11559,4,4,0.9912809729576111
7196,2,2,0.9996650218963623
26525,9,9,0.9999964237213135
21493,7,7,0.9997891783714294
22408,8,8,0.9999995231628418
11641,4,4,0.9988126754760742
8795,2,2,0.9746989607810974
26062,9,9,0.9999116659164429
126,0,0,0.9999840259552002
5959,1,1,0.999651312828064
20260,7,7,0.9998868703842163
13635,4,4,0.9999933242797852
15343,5,5,0.760038435459137
4451,1,1,0.9992884397506714
7147,2,2,0.9952020645141602
19915,7,7,0.9980804920196533
827,0,0,0.9509874582290649
24174,9,9,0.999994158744812
26513,9,9,0.9999653100967407
17368,6,6,0.9228746891021729
11473,3,3,0.9991645812988281
7783,2,2,0.9871345162391663
10380,3,3,0.995487630367279
26440,9,9,0.9998480081558228
2443,0,0,0.9999842643737793
24938,9,9,0.9998254179954529
10541,3,3,0.9983611702919006
16729,6,2,0.8969684839248657
814,0,0,0.999881386756897
22550,8,8,0.9973621964454651
12999,4,4,0.9993236064910889
11397,3,3,0.9909079074859619
25762,9,9,0.9999951124191284
26705,9,9,0.9995038509368896
14153,5,5,0.9980656504631042
12298,4,4,0.9999973773956299
5779,1,1,0.9999998807907104
2116,0,0,0.9998099207878113
793,0,0,0.9985024929046631
10147,3,3,0.9999916553497314
6898,2,2,0.9979604482650757
2674,0,0,0.9995761513710022
16478,6,6,0.9753344655036926
15770,5,5,0.8639250993728638
20609,7,7,0.9999759197235107
3756,1,1,0.9999997615814209
2891,0,0,0.9999778270721436
18755,7,7,0.9999117851257324
14382,5,5,0.9298751950263977
20103,7,7,0.9993999004364014
3228,1,1,0.9998942613601685
7863,2,2,0.996843695640564
6359,2,2,0.9883991479873657
25931,9,9,0.9999808073043823
23710,8,8,0.9997331500053406
22412,8,8,0.9999784231185913
13429,4,4,1.0
11104,3,3,0.9274161458015442
18249,6,0,0.9970711469650269
13946,4,4,0.9983912110328674
4612,1,1,0.9728266000747681
19029,7,7,0.9998719692230225
2243,0,0,0.9999817609786987
5373,1,1,0.9996490478515625
2336,0,0,0.9427177309989929
17334,6,6,0.91410231590271
11260,3,3,0.9994325041770935
1120,0,0,0.9995512366294861
10789,3,3,0.9999219179153442
18588,7,7,0.9999305009841919
419,0,0,0.9999949932098389
922,0,0,0.9999940395355225
9446,3,3,0.9975530505180359
25053,9,9,0.999980092048645
5408,1,1,0.9999916553497314
5788,1,1,0.9999934434890747
22126,8,8,0.9972578883171082
15374,5,5,0.9628849029541016
24051,9,9,0.9996973276138306
21951,8,8,0.9994109869003296
24519,9,9,0.9999134540557861
17586,6,6,0.9933030605316162
22149,8,8,0.9978512525558472
8389,2,2,0.9999814033508301
1970,0,0,0.9999934434890747
11302,3,3,0.9908077120780945
4018,1,1,0.9997521042823792
3687,1,1,0.9999308586120605
18381,6,6,0.999771773815155
20417,7,7,0.9923141598701477
12790,4,4,0.9999457597732544
11246,3,3,0.9999467134475708
1248,0,0,0.9999920129776001
2192,0,0,0.9999994039535522
19096,7,7,0.999994158744812
9184,3,3,0.9848610162734985
18574,7,7,0.7550206780433655
4670,1,0,0.8944848775863647
21526,8,8,0.9997912049293518
5984,1,1,0.9999929666519165
6565,2,2,0.9988491535186768
7804,2,2,0.9984037280082703
11954,4,4,0.9998631477355957
6943,2,2,0.9172025322914124
9510,3,3,0.9562387466430664
10535,3,3,0.9990527033805847
18520,7,7,0.9577063918113708
17449,6,6,0.9992316961288452
14060,5,5,0.999267041683197
16984,6,6,0.9778068661689758
20611,7,7,0.9977692365646362
7577,2,2,0.9804283976554871
77,0,0,0.9999312162399292
23930,8,8,0.9967288970947266
19282,7,7,0.999992847442627
15524,5,5,0.9673506021499634
21204,7,7,0.9992984533309937
23325,8,8,0.9999008178710938
22797,8,8,0.99782794713974
9064,3,3,0.9995926022529602
8007,2,2,0.9990239143371582
21852,8,8,0.9999825954437256
5951,1,1,0.999997615814209
11157,3,3,0.9997984766960144
3391,1,1,0.9999932050704956
5415,1,1,0.9999805688858032
18944,7,7,0.9998177886009216
8162,2,2,0.9398719668388367
19019,7,4,0.9040101766586304
5256,1,1,0.9999402761459351
3530,1,1,0.9999607801437378
8567,2,2,0.9936683773994446
1908,0,0,0.9999717473983765
26020,9,9,0.9995710253715515
235,0,0,0.9996376037597656
12219,4,4,0.9998445510864258
17988,6,6,0.9404774308204651
7984,2,2,0.916936993598938
9310,3,3,0.9997518658638
3490,1,1,0.9999682903289795
14231,5,5,0.9796233773231506
18378,6,6,0.916603147983551
19208,7,7,0.9999562501907349
26052,9,9,0.9996672868728638
10568,3,3,0.9968599081039429
1342,0,0,0.9999709129333496
8512,2,2,0.9941641688346863
1619,0,0,0.9180374145507812
5287,1,1,0.9999991655349731
18444,6,6,0.998060405254364
7041,2,2,0.9884830117225647
2219,0,0,0.9999330043792725
9865,3,3,0.9997935891151428
22422,8,8,0.9999898672103882
16644,6,6,0.9996656179428101
26161,9,9,0.999479353427887
12977,4,4,0.9999840259552002
25477,9,9,0.9998762607574463
20128,7,7,0.999993085861206
14594,5,5,0.9973857998847961
18410,6,6,0.581784725189209
6988,2,2,0.9741645455360413
20618,7,7,0.9969860911369324
1917,0,0,0.9995966553688049
1828,0,0,0.9999622106552124
9765,3,3,0.9993453621864319
12607,4,4,0.9998807907104492
12941,4,4,0.999985933303833
6233,2,2,0.9966918230056763
26117,9,9,0.9988915324211121
6283,2,2,0.9999133348464966
4208,1,1,0.9997614026069641
12819,4,4,0.9954555034637451
16608,6,6,0.9763582944869995
25299,9,9,0.9999088048934937
9333,3,3,0.9920807480812073
6469,2,2,0.999671220779419
26224,9,9,0.9988686442375183
13746,4,4,0.9999998807907104
15385,5,5,0.9980717301368713
13703,4,4,0.9999806880950928
10954,3,3,0.736986517906189
846,0,0,0.999640703201294
20673,7,7,0.9999349117279053
5560,1,1,0.6545389294624329
13234,4,4,0.9998687505722046
14309,5,5,0.8854787945747375
18935,7,7,0.9936245679855347
13917,4,4,0.9999984502792358
117,0,0,0.999862551689148
8837,2,2,0.8226291537284851
22350,8,8,0.9996705055236816
24579,9,9,0.9999738931655884
14043,5,5,0.8498297333717346
8659,2,2,0.5880171656608582
23873,8,8,0.9999281167984009
16389,6,6,0.8325666189193726
5342,1,1,0.9999988079071045
9111,3,3,0.9993662238121033
10787,3,3,0.9999792575836182
4324,1,1,0.9999974966049194
17447,6,6,0.9487881660461426
2590,0,0,0.9999878406524658
24818,9,9,0.9908949136734009
13046,4,4,0.9997875094413757
25736,9,9,0.9999361038208008
20119,7,7,0.9844319224357605
13918,4,4,0.9998584985733032
10589,3,3,0.9999663829803467
19901,7,7,0.999653697013855
23370,8,8,0.9999306201934814
11613,4,4,0.9999997615814209
6767,2,2,0.9609948992729187
5622,1,1,0.9999979734420776
1605,0,0,0.9988307356834412
18117,6,0,0.837044894695282
26129,9,9,0.995776355266571
25888,9,9,0.9999493360519409
3812,1,1,0.9998607635498047
14277,5,5,0.9708159565925598
17260,6,6,0.7570849657058716
10554,3,3,0.999508261680603
10167,3,3,0.9656751751899719
1761,0,0,0.9837208986282349
15679,5,8,0.6329148411750793
21785,8,8,0.9999319314956665
19123,7,7,0.9979683756828308
2472,0,0,0.9999979734420776
15913,5,5,0.9995419979095459
6738,2,2,0.9992874264717102
23275,8,8,0.9446565508842468
15728,5,5,0.9985852241516113
12199,4,4,0.9991831183433533
7943,2,2,0.9554712772369385
12910,4,4,0.9999936819076538
14369,5,5,0.9827529191970825
20590,7,7,0.9989473223686218
6371,2,2,0.9998382329940796
25745,9,9,0.9998618364334106
16616,6,6,0.9933716058731079
8258,2,2,0.9927256107330322
7561,2,2,0.9999996423721313
9795,3,3,0.9889653921127319
6168,2,2,0.9879804253578186
11475,3,3,0.9998325109481812
3596,1,1,1.0
6288,2,2,0.9138926863670349
4632,1,1,0.9999877214431763
15147,5,5,0.9852710962295532
16509,6,6,0.9977825284004211
24025,9,9,0.9998420476913452
6229,2,6,0.6147158741950989
17680,6,0,0.5074519515037537
18360,6,6,0.9996956586837769
26750,9,9,0.9983103275299072
26270,9,9,0.9997732043266296
10267,3,3,0.9931847453117371
12772,4,4,0.999953031539917
5750,1,1,0.999998927116394
8152,2,2,0.9430538415908813
13503,4,4,0.9162560105323792
3086,1,1,0.9999600648880005
1906,0,0,0.9999699592590332
6882,2,2,0.9999135732650757
26980,9,9,0.9999184608459473
7673,2,2,0.9994919300079346
19729,7,7,0.9258545637130737
8172,2,2,0.9999706745147705
26234,9,9,0.999836802482605
5870,1,1,0.9999967813491821
22890,8,8,0.9999880790710449
19181,7,7,0.7066610455513
17302,6,6,0.6455590724945068
18030,6,6,0.536242663860321
5122,1,1,0.997115969657898
5126,1,1,0.999929666519165
13623,4,4,0.9999809265136719
15034,5,5,0.9892925024032593
4621,1,1,0.999991774559021
6809,2,2,0.990161657333374
16748,6,0,0.9371355772018433
15745,5,5,0.955295979976654
11479,3,3,0.9999171495437622
2125,0,0,0.9671460390090942
8150,2,2,0.9594018459320068
8717,2,2,0.767983078956604
13013,4,4,0.9997891783714294
55,0,0,0.9995986819267273
17022,6,6,0.9877798557281494
302,0,0,0.9999958276748657
22195,8,8,0.9994043111801147
17660,6,6,0.8800836801528931
14178,5,5,0.9974779486656189
13568,4,4,0.9709665179252625
4432,1,1,0.9998119473457336
20028,7,7,0.9999865293502808
20527,7,7,0.9999961853027344
19262,7,7,0.9999986886978149
12394,4,4,0.9999563694000244
22877,8,8,0.9923825860023499
10478,3,3,0.9991745352745056
10453,3,3,0.9891581535339355
5240,1,1,0.9885755181312561
22574,8,8,0.9996228218078613
10488,3,3,0.9939139485359192
23321,8,8,0.9997782111167908
23624,8,8,0.9998304843902588
16282,6,6,0.9603960514068604
14124,5,5,0.9962168335914612
10160,3,3,0.9975805282592773
18977,7,7,0.9579421281814575
18777,7,7,0.999423623085022
16907,6,6,0.992063581943512
6376,2,2,0.9690042734146118
6981,2,2,0.9992268085479736
13716,4,4,0.9999996423721313
23061,8,8,0.9999605417251587
3900,1,1,0.9999866485595703
26517,9,9,0.9996775388717651
12891,4,4,0.9999998807907104
21969,8,8,0.9999697208404541
21508,8,8,0.9998563528060913
24340,9,9,0.9977259039878845
23954,8,8,0.9999551773071289
11314,3,3,0.9993531107902527
23161,8,8,0.9999067783355713
10161,3,3,0.9977633953094482
17055,6,6,0.9967392086982727
4188,1,1,0.9999644756317139
666,0,0,0.9999359846115112
3266,1,1,0.9999998807907104
18271,6,6,0.9232969284057617
8472,2,2,0.9987898468971252
9911,3,3,0.9981780052185059
12647,4,4,0.9999954700469971
25475,9,9,0.999870777130127
24071,9,9,0.9996858835220337
22415,8,8,0.9966281056404114
11637,4,4,0.9998694658279419
6090,2,2,0.9983226656913757
6238,2,2,0.9999948740005493
15183,5,5,0.9982666969299316
7350,2,2,0.9993231296539307
24214,9,9,0.9994747042655945
17144,6,6,0.9959793090820312
6254,2,2,0.9985162615776062
18290,6,6,0.9993228912353516
12234,4,4,0.9999971389770508
12015,4,4,0.9999880790710449
3818,1,1,0.9998959302902222
6269,2,2,0.9909145832061768
4300,1,1,0.9999955892562866
5569,1,1,0.9999730587005615
14388,5,5,0.9915633201599121
7941,2,2,0.9961048364639282
4164,1,1,0.9999786615371704
22355,8,8,0.9959768652915955
19963,7,7,0.7076092958450317
19216,7,7,0.9991783499717712
21833,8,8,0.5262172222137451
19856,7,7,0.9999982118606567
22711,8,8,0.9999915361404419
16521,6,6,0.9985985159873962
7043,2,2,0.9715052843093872
4892,1,1,0.9999997615814209
18564,7,7,0.9999786615371704
10320,3,3,0.991113007068634
24114,9,9,0.9999310970306396
19561,7,7,0.9911519885063171
4854,1,1,0.9999898672103882
4637,1,1,0.9999997615814209
21499,7,7,0.9999967813491821
9550,3,4,0.5867844223976135
24032,9,9,0.9996801614761353
20645,7,7,0.9985957741737366
17715,6,0,0.6239364743232727
10209,3,3,0.9981424808502197
23386,8,8,0.9999711513519287
25934,9,9,0.9996298551559448
6941,2,2,0.9911954402923584
8017,2,2,0.9998961687088013
22625,8,8,0.9999916553497314
9521,3,3,0.9834943413734436
6949,2,2,0.9954556226730347
6881,2,2,0.9958986639976501
13051,4,4,0.9999905824661255
15781,5,5,0.9832174777984619
20914,7,7,0.9970556497573853
4673,1,1,0.9999921321868896
12173,4,4,0.9999868869781494
6996,2,2,0.9311907887458801
1252,0,0,0.8880445957183838
11470,3,3,0.9999829530715942
15254,5,5,0.8485520482063293
19758,7,7,0.9983843564987183
19198,7,7,0.7221782207489014
21103,7,7,0.9957851767539978
22928,8,8,0.9971296191215515
10040,3,3,0.9999374151229858
4858,1,1,0.9998971223831177
24285,9,9,0.9999258518218994
8580,2,2,0.9907627701759338
8427,2,2,0.9999841451644897
17461,6,0,0.8439649939537048
10176,3,3,0.9998735189437866
4363,1,1,0.9999887943267822
17154,6,6,0.9252427816390991
10357,3,3,0.587925136089325
25249,9,9,0.9999912977218628
16633,6,6,0.9899787902832031
14489,5,5,0.9907587766647339
7239,2,8,0.48433995246887207
14430,5,5,0.8043805360794067
3419,1,1,0.9985918402671814
10015,3,3,0.9720293879508972
26466,9,9,0.9998667240142822
4976,1,1,0.999977707862854
4544,1,1,0.9998225569725037
21949,8,8,0.9864835143089294
24323,9,9,0.9972385168075562
17100,6,6,0.9919941425323486
21164,7,7,0.9984057545661926
12338,4,4,0.9999552965164185
2048,0,0,0.9996248483657837
5997,1,1,0.999991774559021
22984,8,8,0.9999983310699463
23629,8,8,0.9999995231628418
15444,5,5,0.9919596314430237
13456,4,4,0.9957738518714905
20562,7,7,0.9632203578948975
4809,1,1,0.9999673366546631
10916,3,3,0.9999263286590576
3636,1,1,0.9994767308235168
23524,8,8,0.9230233430862427
23574,8,8,0.9998125433921814
17844,6,6,0.9879629015922546
15106,5,0,0.7601388692855835
5989,1,1,0.9999674558639526
9860,3,3,0.9997175335884094
18384,6,6,0.9055896401405334
12763,4,4,1.0
15158,5,5,0.9915800094604492
8175,2,2,0.9998841285705566
404,0,0,0.9999816417694092
384,0,0,0.9978950023651123
8702,2,2,0.999935507774353
7266,2,2,0.778336226940155
10344,3,3,0.9992740750312805
18017,6,0,0.5856297612190247
20384,7,7,0.9996974468231201
13772,4,4,0.993485152721405
21168,7,7,0.9980772733688354
6938,2,2,0.9426701068878174
6970,2,2,0.9976213574409485
20309,7,7,0.9951223731040955
4158,1,1,0.9999902248382568
23833,8,8,0.9982386827468872
26331,9,9,0.9581044912338257
13550,4,4,0.9996377229690552
8415,2,2,0.9998461008071899
2193,0,0,0.9999691247940063
1015,0,0,0.9998432397842407
5124,1,1,0.9999682903289795
23802,8,8,0.9993589520454407
23793,8,8,0.9958633184432983
25373,9,9,0.9992451667785645
19255,7,7,0.9999833106994629
9,0,0,0.9999988079071045
10136,3,3,0.8934464454650879
18222,6,6,0.9937745332717896
4804,1,1,0.9999905824661255
16639,6,6,0.9933974742889404
23410,8,8,0.9999809265136719
5713,1,1,0.9999940395355225
12677,4,4,0.9999513626098633
19708,7,7,0.9996484518051147
24098,9,9,0.9998728036880493
1581,0,0,0.9845831394195557
17308,6,0,0.9911750555038452
2779,0,0,0.9997679591178894
24275,9,9,0.9996445178985596
22516,8,8,0.9993537068367004
13216,4,4,0.9999983310699463
5320,1,1,0.9999938011169434
7312,2,2,0.9879171252250671
23486,8,8,0.9997157454490662
14837,5,5,0.9999734163284302
6042,2,2,0.9999966621398926
20159,7,7,0.9999198913574219
4835,1,1,0.9999438524246216
4964,1,1,0.9999662637710571
539,0,0,0.9995747208595276
7483,2,2,0.7275957465171814
19129,7,7,0.9998992681503296
3719,1,1,0.9999823570251465
23203,8,8,0.9987884163856506
13659,4,4,0.9999657869338989
9337,3,3,0.9998703002929688
20852,7,7,0.9999971389770508
667,0,0,0.9997982382774353
23959,8,8,0.9937108755111694
24933,9,9,0.962390661239624
21447,7,7,0.9999592304229736
11023,3,7,0.7284260988235474
10975,3,3,0.9998468160629272
1353,0,0,0.9994137287139893
13323,4,4,0.9999998807907104
7114,2,2,0.9841235280036926
24504,9,9,0.9999914169311523
8662,2,2,0.9794031977653503
19087,7,7,0.9987058639526367
3330,1,1,0.9999724626541138
8053,2,2,0.999213457107544
11829,4,4,0.9999995231628418
9588,3,3,0.999727189540863
19968,7,7,0.9999804496765137
26262,9,9,0.9989519119262695
5645,1,1,0.9999901056289673
19760,7,7,0.9996289014816284
17640,6,6,0.9983870983123779
6190,2,2,0.8365570902824402
15761,5,0,0.6999229788780212
11704,4,4,0.9999933242797852
13843,4,4,0.9999704360961914
25826,9,9,0.9989336133003235
21732,8,8,0.9999638795852661
11003,3,3,0.971878707408905
20559,7,7,0.9692866802215576
4910,1,1,0.999853253364563
1852,0,0,0.9987733960151672
22700,8,8,0.9999860525131226
12972,4,4,0.9999997615814209
26805,9,9,0.99986732006073
2105,0,0,0.9999804496765137
16517,6,6,0.9931849837303162
13428,4,4,0.9999754428863525
5029,1,1,0.9996305704116821
17312,6,6,0.9777964949607849
823,0,0,0.9135057330131531
23960,8,8,0.9998050332069397
1531,0,0,0.9991610050201416
1214,0,0,0.9948657155036926
504,0,0,0.9972802400588989
14683,5,5,0.9995971322059631
10188,3,3,0.9774582386016846
6530,2,2,0.9700887799263
19456,7,7,0.952498197555542
10150,3,3,0.9951472878456116
9576,3,3,0.9995108842849731
25470,9,9,0.9996224641799927
13116,4,4,0.9999992847442627
25031,9,9,0.9995643496513367
23003,8,8,0.9997449517250061
25657,9,9,0.9993665814399719
3709,1,1,0.9999469518661499
26447,9,9,0.9944931268692017
21233,7,7,0.9999822378158569
4748,1,1,0.9999916553497314
20652,7,7,0.9999747276306152
11714,4,4,0.9999501705169678
15485,5,5,0.7194277048110962
26839,9,9,0.9996325969696045
25289,9,9,0.9995059967041016
20570,7,7,0.9990983009338379
5301,1,1,0.9999991655349731
19307,7,7,0.9603459239006042
6588,2,2,0.9998238682746887
1810,0,0,0.9987139701843262
19870,7,7,0.9805310368537903
23803,8,8,0.9999780654907227
3141,1,1,0.9999996423721313
25731,9,9,0.9802409410476685
1324,0,0,0.9999938011169434
4312,1,1,0.9999994039535522
7494,2,2,0.9843405485153198
25086,9,9,0.9996192455291748
26256,9,9,0.9999184608459473
8691,2,2,0.9997705817222595
26335,9,9,0.9992296695709229
9580,3,3,0.9983036518096924
13807,4,4,1.0
21925,8,8,0.9996479749679565
22556,8,8,0.9999076128005981
17924,6,6,0.7139661312103271
25793,9,9,0.9998764991760254
19065,7,7,0.9988967180252075
26843,9,9,0.9999938011169434
6313,2,2,0.9888812899589539
17575,6,6,0.9464612603187561
13964,4,4,0.9998847246170044
21677,8,8,0.9966229200363159
1542,0,0,0.994956910610199
11493,3,3,0.8881573677062988
11516,4,4,0.999998927116394
7056,2,2,0.9721922874450684
2539,0,0,0.9999986886978149
17337,6,6,0.6065806150436401
23625,8,8,0.9724743962287903
15368,5,5,0.9828595519065857
6731,2,2,0.983812153339386
4846,1,1,0.9999092817306519
6801,2,2,0.9999992847442627
24394,9,9,0.9992115497589111
4330,1,1,0.9999477863311768
8924,2,2,0.9625217318534851
5334,1,1,0.8656989336013794
23714,8,8,0.9999539852142334
9348,3,3,0.9998219609260559
4729,1,1,0.9999443292617798
22925,8,3,0.965776801109314
11174,3,3,0.9963661432266235
21689,8,8,0.9999346733093262
21545,8,8,0.9999414682388306
24244,9,9,0.9998213648796082
18540,7,7,0.9999644756317139
1062,0,0,0.9584081172943115
1167,0,0,0.9998952150344849
20020,7,7,0.8827690482139587
7651,2,2,0.9999842643737793
21972,8,0,0.6838374733924866
11130,3,3,0.9994358420372009
23576,8,8,0.9999791383743286
4491,1,1,0.9999887943267822
23650,8,8,0.999056875705719
21364,7,7,0.9997050166130066
8335,2,2,0.8764877319335938
5486,1,1,1.0
21330,7,7,0.8973110318183899
19166,7,7,0.9999380111694336
17101,6,6,0.9037731289863586
2502,0,0,0.7745081782341003
4360,1,1,0.9988452196121216
4171,1,1,0.999983549118042
24466,9,9,0.9999712705612183
26680,9,9,0.9993914365768433
16779,6,6,0.999438464641571
13923,4,4,0.9999951124191284
14512,5,5,0.9986588954925537
7186,2,2,0.999907374382019
698,0,0,0.9901679754257202
20876,7,7,0.9997833371162415
17749,6,6,0.9525750279426575
26369,9,9,0.9999845027923584
14191,5,5,0.999896764755249
8787,2,2,0.7294290661811829
14397,5,5,0.999988317489624
12144,4,4,0.9999966621398926
13584,4,4,0.9999923706054688
22301,8,8,0.9997606873512268
21352,7,7,0.9982340335845947
2914,0,0,0.9999847412109375
14552,5,0,0.9692939519882202
10518,3,3,0.9976698756217957
5644,1,1,0.999994158744812
20150,7,7,0.9967415928840637
3440,1,1,0.999996542930603
12043,4,4,0.9987820982933044
7357,2,2,0.9999996423721313
23190,8,8,0.9998596906661987
26263,9,9,0.9998587369918823
2143,0,0,0.9999815225601196
5104,1,1,0.9999508857727051
5073,1,1,0.9999830722808838
17955,6,6,0.9615955948829651
20463,7,7,0.9997591376304626
17506,6,6,0.9982144832611084
16048,6,6,0.9955127835273743
19170,7,7,0.999790608882904
14527,5,5,0.9995245933532715
2967,0,0,0.9974334836006165
18888,7,7,0.9989846348762512
5988,1,1,0.9999995231628418
11657,4,4,0.9999469518661499
25251,9,9,0.9447718262672424
23548,8,8,0.9998010993003845
728,0,0,0.9989515542984009
7587,2,2,0.9999935626983643
7543,2,2,0.8907046914100647
412,0,0,0.9993477463722229
11338,3,3,0.9964635968208313
26092,9,9,0.9999408721923828
5745,1,1,0.9999738931655884
24052,9,9,0.9999954700469971
17209,6,6,0.7668206691741943
3267,1,1,0.9998342990875244
20358,7,7,0.9999988079071045
8808,2,2,0.9840294718742371
24690,9,9,0.9999901056289673
417,0,0,0.9997865557670593
11261,3,3,0.9932326078414917
9817,3,3,0.8530313372612
15305,5,5,0.9642322063446045
16281,6,6,0.9694860577583313
23132,8,8,0.9923876523971558
25351,9,9,0.9928731918334961
2082,0,0,0.999916672706604
25329,9,9,0.9999946355819702
12161,4,4,0.999995231628418
3373,1,1,0.9998989105224609
5726,1,1,0.9994491934776306
20491,7,7,0.9999548196792603
10636,3,3,0.9968615770339966
20764,7,7,0.99997878074646
24107,9,9,0.9999508857727051
17450,6,6,0.7924818992614746
3913,1,1,0.9999599456787109
13479,4,4,0.9999247789382935
5536,1,1,0.9999978542327881
8002,2,2,0.9999939203262329
5387,1,1,0.9998582601547241
22116,8,8,0.9998939037322998
2738,0,0,0.9965925812721252
5052,1,1,0.9999779462814331
4000,1,1,0.9996932744979858
26144,9,9,0.999178946018219
2427,0,0,0.9999113082885742
11938,4,4,0.9999678134918213
6833,2,2,0.9994250535964966
18071,6,6,0.8591402769088745
851,0,0,0.9999027252197266
22687,8,8,0.9999868869781494
25471,9,9,0.9999135732650757
16347,6,6,0.9715211391448975
5878,1,1,0.9999986886978149
24911,9,9,0.9994668364524841
19223,7,7,0.996894359588623
4611,1,1,1.0
16364,6,6,0.9286898970603943
9540,3,3,0.9990991353988647
9207,3,3,0.9990955591201782
9823,3,3,0.9980251789093018
2489,0,0,0.7128583788871765
11922,4,4,1.0
23289,8,8,0.9999469518661499
7390,2,2,0.9410861134529114
2849,0,0,0.9996731281280518
14069,5,5,0.9996912479400635
23049,8,8,0.9995254278182983
5881,1,1,0.9999996423721313
4452,1,1,0.9999860525131226
26333,9,9,0.9998562335968018
23805,8,8,0.9996774196624756
26211,9,9,0.9997249245643616
22868,8,8,0.9999474287033081
2479,0,0,0.9985596537590027
23001,8,8,0.9999874830245972
10457,3,3,0.9999277591705322
11151,3,3,0.9637615084648132
13245,4,4,0.9982507824897766
18525,7,7,0.9997617602348328
13296,4,4,0.9116626381874084
11310,3,3,0.9962694644927979
21572,8,8,0.9997184872627258
9435,3,3,0.9999963045120239
19128,7,7,0.9999680519104004
7253,2,2,0.9982855916023254
13284,4,4,0.9999995231628418
3506,1,1,0.9999778270721436
1679,0,0,0.9986365437507629
20633,7,7,0.9986806511878967
19531,7,7,0.9897077083587646
8130,2,2,0.999636173248291
23388,8,8,0.9990861415863037
15125,5,5,0.9102169871330261
16964,6,6,0.5876646041870117
9662,3,3,0.9741922616958618
20454,7,7,0.9998840093612671
13500,4,6,0.9174541234970093
3343,1,1,0.9999951124191284
13184,4,4,0.9999980926513672
16244,6,6,0.9999690055847168
23788,8,8,0.9996768236160278
12775,4,4,0.9999914169311523
20056,7,7,0.9990229606628418
16943,6,6,0.878463864326477
5237,1,1,0.9999897480010986
7805,2,2,0.974349319934845
13407,4,4,0.9999419450759888
16896,6,6,0.9466609358787537
1081,0,0,0.9999936819076538
18048,6,6,0.9954383969306946
9204,3,3,0.9954249262809753
1931,0,0,0.9977163076400757
23944,8,8,0.999752938747406
1150,0,0,0.9995263814926147
19222,7,7,0.9883975386619568
5949,1,1,0.9999836683273315
8308,2,2,0.9993577599525452
25316,9,9,0.9986422657966614
26718,9,9,0.999479353427887
14262,5,5,0.9792962670326233
5177,1,1,0.9996778964996338
14098,5,5,0.9963132739067078
17214,6,6,0.9825032949447632
8311,2,2,0.9971274733543396
21136,7,7,0.9894407391548157
26258,9,9,0.9997225403785706
26628,9,9,0.9996311664581299
26920,9,9,0.9996787309646606
17019,6,6,0.9998186230659485
4465,1,1,0.9999866485595703
6799,2,2,0.9999985694885254
7987,2,2,0.9909237027168274
7079,2,2,0.9999896287918091
6966,2,2,0.9823535680770874
15202,5,5,0.8071242570877075
4142,1,1,0.9999890327453613
23411,8,8,0.9999792575836182
25567,9,9,0.9996572732925415
876,0,0,0.9993022680282593
21253,7,7,0.7164970636367798
21699,8,8,0.9997603297233582
21606,8,8,0.9657554626464844
16388,6,6,0.9891290068626404
15979,5,5,0.9916282892227173
3051,1,1,0.9963162541389465
22075,8,8,0.9999674558639526
19508,7,7,0.9996970891952515
14599,5,5,0.9986863732337952
15328,5,5,0.7323175072669983
2491,0,0,0.9998338222503662
15338,5,6,0.38258418440818787
20238,7,7,0.9975928664207458
4777,1,1,0.9979569911956787
9907,3,3,0.9996179342269897
23893,8,8,0.9773862361907959
22841,8,8,0.9963772892951965
22677,8,8,0.9999788999557495
17532,6,6,0.6003836393356323
16958,6,6,0.9974729418754578
20153,7,7,0.9995853304862976
20530,7,7,0.9476258754730225
853,0,0,0.9977114200592041
10966,3,3,0.9890672564506531
22303,8,8,0.9957242012023926
13121,4,4,0.9721701145172119
13403,4,4,0.9970658421516418
25742,9,9,0.9992803931236267
22998,8,8,0.9989607334136963
22386,8,8,0.9995154142379761
25547,9,9,0.9993029832839966
10893,3,3,0.950579047203064
4495,1,1,0.9999662637710571
8173,2,2,0.9999873638153076
6655,2,2,0.977971613407135
12039,4,4,0.9999997615814209
2368,0,0,0.9995459914207458
4780,1,1,0.9998602867126465
12323,4,4,0.9999502897262573
24376,9,9,0.9998877048492432
19334,7,7,0.9982390403747559
22009,8,8,0.9999233484268188
23355,8,8,0.9991664886474609
8716,2,2,0.9998000264167786
10647,3,4,0.9102573990821838
18225,6,6,0.6280049085617065
5986,1,1,0.9999313354492188
16921,6,6,0.9189154505729675
19190,7,7,0.9998676776885986
5801,1,1,0.999950647354126
21980,8,8,0.9999954700469971
7206,2,2,0.9930946826934814
7343,2,2,0.9975308775901794
12533,4,4,0.9999998807907104
7560,2,2,0.8739981651306152
8096,2,2,0.9846254587173462
784,0,0,0.9986875653266907
12249,4,4,0.9999902248382568
1409,0,0,0.999488115310669
10729,3,3,0.9997909665107727
16538,6,6,0.9830506443977356
24190,9,9,0.9997190833091736
3009,1,1,1.0
18070,6,6,0.997849702835083
11093,3,3,0.9528852105140686
4014,1,1,0.9824984073638916
7455,2,2,0.9924289584159851
12913,4,4,0.9999998807907104
3863,1,1,0.9999790191650391
19117,7,7,0.9989101886749268
1895,0,0,0.9998266100883484
5442,1,1,0.9997718930244446
569,0,0,0.9881503582000732
23093,8,8,0.9997629523277283
22238,8,8,0.9996858835220337
1816,0,0,0.9999388456344604
24703,9,9,0.998663067817688
19778,7,7,0.8614626526832581
19711,7,7,0.9999996423721313
26975,9,9,0.9996414184570312
6102,2,2,0.9957219362258911
2975,0,0,0.9990574717521667
17364,6,6,0.998556911945343
10492,3,3,0.9931753277778625
190,0,0,0.99998939037323
25715,9,9,0.997725784778595
21472,7,7,0.9950329065322876
699,0,0,0.9991734623908997
26679,9,9,0.9997368454933167
16990,6,6,0.9998112320899963
12468,4,4,0.9999995231628418
301,0,9,0.9928418397903442
3420,1,1,0.9985257983207703
18711,7,7,0.9997593760490417
1060,0,0,0.9988409876823425
14434,5,5,0.8184400796890259
10757,3,3,0.9789461493492126
3444,1,1,0.9999916553497314
17453,6,6,0.9625208377838135
10716,3,3,0.994062602519989
18589,7,7,0.9991965889930725
25819,9,9,0.999272882938385
23723,8,8,0.9999998807907104
8208,2,2,0.9996817111968994
7679,2,2,0.9967690706253052
11312,3,3,0.9999850988388062
4642,1,1,0.9999990463256836
24067,9,9,0.9999016523361206
12946,4,4,0.9999991655349731
9007,3,3,0.9999289512634277
7996,2,2,0.7812824249267578
5600,1,1,0.9999960660934448
9151,3,3,0.9999126195907593
7022,2,6,0.577125608921051
21277,7,7,0.9951935410499573
15636,5,5,0.946174144744873
16609,6,6,0.9986854195594788
19738,7,7,0.999567449092865
5895,1,1,0.9978197813034058
10677,3,3,0.999610960483551
8754,2,2,0.7708582282066345
3436,1,1,0.9999853372573853
14565,5,5,0.9861817359924316
14373,5,5,0.9424795508384705
18077,6,6,0.9774901270866394
6893,2,2,0.998798131942749
17429,6,6,0.9996873140335083
19830,7,7,0.9972642660140991
12757,4,4,0.9999909400939941
8050,2,2,0.9964104294776917
9146,3,3,0.9672497510910034
4555,1,1,0.9999465942382812
11296,3,3,0.9657068848609924
4735,1,1,0.9999561309814453
20880,7,7,0.9928984642028809
1218,0,0,0.9996755123138428
13446,4,4,0.9998999834060669
22399,8,8,0.9998923540115356
26103,9,9,0.9993670582771301
3987,1,1,0.9999961853027344
21295,7,7,0.9999809265136719
25876,9,9,0.9999943971633911
20877,7,7,0.9992427825927734
23328,8,8,0.9988073110580444
5699,1,1,0.9999381303787231
24736,9,9,0.9996587038040161
13992,4,4,0.9999748468399048
17340,6,6,0.9711039662361145
2869,0,0,0.9995285272598267
11969,4,4,0.9999985694885254
20817,7,7,0.9999892711639404
21357,7,7,0.9964627623558044
14207,5,5,0.9999327659606934
2961,0,0,0.9999339580535889
14172,5,5,0.9634960293769836
2200,0,0,0.5144703984260559
16482,6,6,0.9256551265716553
5592,1,1,0.9999942779541016
2557,0,0,0.9999983310699463
15586,5,5,0.9290814995765686
24829,9,9,0.9992419481277466
20583,7,7,0.9999570846557617
9637,3,3,0.9977546334266663
5539,1,1,0.999992847442627
18032,6,6,0.9945346117019653
12874,4,4,0.9915117621421814
12183,4,4,0.9999018907546997
26272,9,9,0.9997196793556213
22581,8,8,0.9580729603767395
6295,2,2,0.9999834299087524
4499,1,1,0.9999998807907104
1154,0,0,0.9991413354873657
18639,7,7,0.9999998807907104
15151,5,5,0.9831142425537109
9874,3,3,0.999576985836029
19554,7,7,0.775595486164093
7400,2,2,0.6236908435821533
10248,3,3,0.9995404481887817
7158,2,2,0.9996033310890198
19492,7,7,0.9999911785125732
20932,7,7,0.9674491286277771
14589,5,5,0.9841532111167908
5423,1,1,0.9999176263809204
2049,0,0,0.9976637363433838
13168,4,4,0.9999876022338867
11835,4,4,0.9999591112136841
16371,6,6,0.7525575757026672
9208,3,3,0.9950254559516907
25199,9,9,0.9990680813789368
26731,9,9,0.9999301433563232
14075,5,5,0.9998394250869751
16646,6,6,0.9804885387420654
20445,7,7,0.99921715259552
21918,8,8,0.9995693564414978
14486,5,0,0.8482497334480286
14257,5,0,0.6647979617118835
6616,2,2,0.9402596354484558
8120,2,2,0.9824255108833313
8155,2,2,0.9993232488632202
1802,0,0,0.9609336853027344
4736,1,1,0.9999591112136841
11111,3,3,0.9990839958190918
2385,0,0,0.9616002440452576
23078,8,8,0.9996563196182251
5759,1,1,0.9994812607765198
18343,6,6,0.9991746544837952
19360,7,7,0.9178029894828796
8680,2,2,0.9999481439590454
18227,6,6,0.8939604759216309
1734,0,0,0.9999687671661377
2911,0,0,0.999202311038971
11411,3,3,0.9984145164489746
8338,2,2,0.9843499660491943
1986,0,0,0.9994218349456787
25945,9,9,0.9999072551727295
6546,2,2,0.8522089719772339
14243,5,5,0.9992982149124146
23482,8,8,0.998437225818634
2811,0,0,0.9999538660049438
17043,6,6,0.9390690326690674
26370,9,9,0.9984733462333679
15708,5,5,0.9990179538726807
18895,7,7,0.8967054486274719
11589,4,4,1.0
20666,7,7,0.85569167137146
9339,3,6,0.5486209988594055
25184,9,9,0.999675989151001
22671,8,8,0.9571527242660522
15087,5,5,0.9991894364356995
11774,4,4,0.9999971389770508
1930,0,0,0.9985176920890808
23509,8,8,0.9999525547027588
197,0,0,0.9999911785125732
7777,2,2,0.9998458623886108
19315,7,3,0.5031417012214661
8004,2,2,0.9995337724685669
2327,0,0,0.9859660267829895
4389,1,1,0.9999940395355225
25342,9,9,0.9981807470321655
12688,4,4,0.9999992847442627
20602,7,7,0.9998832941055298
11447,3,3,0.9953358769416809
202,0,0,0.9998471736907959
19894,7,7,0.9999924898147583
4931,1,1,0.9999562501907349
21919,8,8,0.9905486702919006
26309,9,9,0.9996324777603149
5791,1,1,0.9999994039535522
18091,6,6,0.8247635364532471
21556,8,8,0.9996155500411987
21633,8,8,0.9999891519546509
13949,4,4,0.9999966621398926
22912,8,8,0.9999840259552002
7392,2,2,0.9989818930625916
5855,1,1,0.9943503737449646
24548,9,9,0.9997841715812683
854,0,0,0.9995771050453186
13877,4,4,0.999810516834259
14555,5,5,0.9986119270324707
4737,1,1,0.9999387264251709
26736,9,9,0.9996165037155151
17082,6,6,0.8931511640548706
20080,7,7,0.9502188563346863
1636,0,0,0.9999886751174927
23664,8,8,0.9995575547218323
23938,8,8,0.9991488456726074
11649,4,4,0.9998441934585571
19965,7,7,0.9993653893470764
17675,6,6,0.9953356385231018
6585,2,2,0.9999583959579468
13808,4,4,0.9060016870498657
18237,6,6,0.9917158484458923
21616,8,8,0.9997197985649109
20147,7,7,0.999934196472168
3304,1,1,0.9999699592590332
17879,6,0,0.7234340310096741
7994,2,2,0.9972763657569885
1998,0,0,0.9998812675476074
663,0,0,0.9999775886535645
13545,4,4,0.9997382760047913
3748,1,1,0.9998971223831177
20797,7,7,0.7735202312469482
5530,1,1,0.9999430179595947
21959,8,8,0.9993940591812134
25285,9,9,0.9999048709869385
7526,2,2,0.9991214871406555
9474,3,8,0.6412999033927917
22248,8,8,0.9941887855529785
6776,2,2,0.9888479709625244
1306,0,0,0.9998360872268677
23776,8,8,0.9983373880386353
11494,3,3,0.997500479221344
21976,8,8,0.9251667261123657
15707,5,5,0.9529519081115723
10230,3,3,0.9998177886009216
26105,9,9,0.9999769926071167
18047,6,6,0.9996161460876465
21834,8,8,0.9856050610542297
10173,3,3,0.9896560907363892
16157,6,6,0.7558773159980774
26939,9,9,0.9998019337654114
3627,1,1,0.9998964071273804
13931,4,4,0.9999772310256958
2693,0,0,0.82608962059021
11252,3,3,0.9990979433059692
16312,6,6,0.9947499632835388
9789,3,3,0.99992835521698
10921,3,3,0.9999879598617554
10817,3,3,0.9976813793182373
22299,8,8,0.9999395608901978
19541,7,7,0.9773589968681335
9914,3,3,0.9507253170013428
16198,6,6,0.9955267310142517
23052,8,8,0.9983376264572144
1059,0,0,0.9997585415840149
21020,7,7,0.9999752044677734
19626,7,7,0.9986857771873474
1678,0,0,0.9993447661399841
23276,8,8,0.9999145269393921
6374,2,2,0.758211076259613
7574,2,2,0.9999797344207764
14820,5,0,0.8490710258483887
18141,6,6,0.9324597120285034
22403,8,8,0.9999619722366333
12383,4,4,0.9983333945274353
21500,8,8,0.9996905326843262
8755,2,2,0.8909310698509216
23792,8,8,0.999677300453186
19174,7,7,0.9998002648353577
17247,6,6,0.9473416209220886
15934,5,5,0.9927155375480652
24242,9,9,0.9998138546943665
17868,6,6,0.9023689031600952
23419,8,8,0.9999823570251465
24105,9,9,0.9998202919960022
22361,8,8,0.9987515211105347
21518,8,8,0.999855637550354
206,0,0,0.9998828172683716
20872,7,7,0.9752489924430847
23322,8,0,0.9117287397384644
25446,9,9,0.9999827146530151
12685,4,4,0.9999909400939941
6910,2,2,0.996946394443512
502,0,0,0.9955992698669434
23769,8,8,0.9094765782356262
17412,6,6,0.9964189529418945
20224,7,7,0.9999772310256958
13773,4,4,0.8905459642410278
8110,2,2,0.9795653820037842
14948,5,5,0.7199831008911133
5056,1,1,0.9999997615814209
9762,3,3,0.9993506073951721
24538,9,9,0.9998738765716553
10965,3,3,0.9987603425979614
19115,7,7,0.9986044764518738
25380,9,9,0.9998575448989868
14039,5,5,0.982774555683136
11837,4,4,0.9999979734420776
2454,0,0,0.9999523162841797
23599,8,8,0.9999566078186035
19488,7,7,0.9975168704986572
15265,5,5,0.9979852437973022
13067,4,4,0.9969749450683594
8392,2,2,0.999482274055481
22662,8,8,0.999956488609314
19483,7,7,0.998771607875824
6184,2,2,0.9965094923973083
26854,9,9,0.9986230134963989
3561,1,1,0.9997487664222717
5892,1,1,0.9696620106697083
12666,4,4,0.9547569155693054
13986,4,4,1.0
391,0,0,0.998717188835144
6736,2,2,0.995900571346283
22002,8,8,0.9998804330825806
5258,1,1,0.999997615814209
15422,5,8,0.9363458156585693
26071,9,9,0.9989539384841919
2695,0,0,0.9933987855911255
2027,0,0,0.9969231486320496
21847,8,8,0.9938913583755493
2568,0,0,0.999907374382019
8006,2,2,0.8913645148277283
16216,6,6,0.9925026893615723
16448,6,6,0.9985467791557312
18446,6,0,0.991280734539032
5276,1,1,0.9999933242797852
7208,2,2,0.9999394416809082
25068,9,9,0.9999284744262695
8571,2,2,0.9999345541000366
6331,2,2,0.9621626138687134
21243,7,7,0.9999728202819824
12185,4,4,0.9999889135360718
21271,7,7,0.9999940395355225
9268,3,3,0.9998791217803955
17262,6,6,0.9927027225494385
8529,2,2,0.9848405718803406
24300,9,9,0.9996589422225952
23247,8,8,0.9999926090240479
24276,9,9,0.9990248680114746
22823,8,8,0.9008495211601257
24253,9,9,0.9990115165710449
1016,0,0,0.9998346567153931
25851,9,9,0.999340832233429
7629,2,2,0.9564717411994934
11534,4,4,0.9999786615371704
995,0,0,0.999584972858429
26557,9,9,0.9994456171989441
4297,1,1,0.923301100730896
161,0,0,0.999991774559021
5675,1,1,0.9999969005584717
6873,2,2,0.9943769574165344
12990,4,4,1.0
9692,3,3,0.9985635876655579
7989,2,2,0.9989045858383179
20227,7,7,0.9554892778396606
13417,4,4,0.9999897480010986
10805,3,3,0.9999055862426758
11653,4,4,0.9999892711639404
1021,0,0,0.9999827146530151
19457,7,7,0.9997119307518005
23939,8,8,0.9998748302459717
3943,1,1,0.9996283054351807
1585,0,0,0.9985498785972595
26531,9,9,0.9994437098503113
3152,1,1,0.9999550580978394
14541,5,5,0.9993335604667664
8226,2,2,0.9906160235404968
12206,4,4,0.9999927282333374
17159,6,0,0.6417176127433777
15787,5,5,0.9604681730270386
26054,9,9,0.9995511174201965
23483,8,8,0.9960631728172302
21870,8,8,0.9338697195053101
22619,8,8,0.9999357461929321
25939,9,9,0.998936116695404
23425,8,8,0.9998623132705688
2612,0,0,0.5826199650764465
23897,8,8,0.9966127276420593
11016,3,3,0.9996751546859741
10233,3,3,0.9999871253967285
8433,2,2,0.996118426322937
10253,3,3,0.9932471513748169
10555,3,3,0.9984251260757446
8792,2,6,0.6494753360748291
10627,3,3,0.999935507774353
21777,8,8,0.9976698756217957
14502,5,5,0.9975526928901672
8838,2,2,0.9999902248382568
3890,1,1,0.9999963045120239
3556,1,1,0.9968168139457703
11394,3,3,0.998156726360321
17912,6,6,0.9984564781188965
1267,0,0,0.999510645866394
24118,9,9,0.9998617172241211
1899,0,0,0.8828039765357971
21042,7,7,0.9999759197235107
3005,1,1,0.9998296499252319
19118,7,7,0.9999924898147583
189,0,0,0.9984151124954224
26382,9,9,0.9999246597290039
25551,9,9,0.9999783039093018
2747,0,0,0.9998650550842285
18431,6,6,0.9993618130683899
24233,9,9,0.9995853304862976
18942,7,7,0.9597952961921692
25658,9,9,0.9994125366210938
8666,2,2,0.9107547998428345
6396,2,2,0.9615669250488281
19769,7,7,0.9997552037239075
20939,7,7,0.9998968839645386
17568,6,6,0.9696325063705444
6420,2,2,0.9920411705970764
5051,1,1,0.9999998807907104
5311,1,1,0.9999908208847046
2433,0,0,0.9999533891677856
23333,8,8,0.999848484992981
26967,9,9,0.9998435974121094
769,0,0,0.9995322227478027
1685,0,0,0.9999985694885254
8322,2,2,0.9909879565238953
16023,6,6,0.740522563457489
11363,3,3,0.9988529682159424
14423,5,5,0.9990050196647644
21962,8,8,0.9999986886978149
4426,1,1,0.9993972778320312
16850,6,6,0.7143368124961853
6265,2,2,0.999288022518158
22118,8,8,0.9971511960029602
11284,3,3,0.9994988441467285
11964,4,4,0.9994984865188599
21575,8,8,0.9996752738952637
5390,1,1,0.9998810291290283
860,0,0,0.9930094480514526
15795,5,5,0.8671610355377197
23654,8,8,0.9999992847442627
